id;name;disambiguatingDescription;description;longitude;latitude;streetAddress;postalCode;addressLocality;telephone;email;url;image;dateModified00a65d67-d8be-478b-acdc-8288b222b962;Lettensaal 3;Der Lettensaal 3 ist prädestiniert für Workshops, Gruppenarbeiten oder kleinere Gruppen Meetings.;<p>Ausgestattet mit einem Konferenztisch sowie einem LCD-Screen, bietet er die ideale Bedingung als Break out Room oder als kleiner Meeting-Raum mit einer U-Form für bis zu 10 Personen.</p>;8.480145;47.569445;2026-09-07T15:40:22+02:00
040cb422-afbf-4460-bc79-3d7e5b1f0cfa;Johann Conrad Fischer Zimmer;Das Johann Conrad Fischer Zimmer ist ein Sitzungszimmer für kleine Besprechungen mit Platz für bis zu 12 Personen.;<p>Im Johann Conrad Fischer Zimmer stehen dir 18 m&sup2; f&uuml;r kleine Sitzungen und konzentrierte Besprechungen zur Verf&uuml;gung.</p>;8.6762216;47.6842585;2026-09-15T09:23:21+02:00
0476678e-fdf7-4a2e-8bb2-066bf19ca451;Bleiche 2;Bleiche 2 ist der mittlere Eventraum als Teil des grossen Ballsaals.;Der Raum Bleiche 2 ist ein Teil des grossen Ballsaals.

Alle unsere Eventräume verfügen über viel Tageslicht mit bodentiefen Panoramafenstern, haben keine Säulen und eine Deckenhöhe von 3.80 m mit besonders hervorragender Akustik.;8.6321377;47.6991974;[{'@type': 'ImageObject', 'contentUrl': 'https://shltpimtsoch.sos-ch-dk-2.exoscale-cdn.com/catalog/a/5/b/f/a5bfa52f9bfb579e68c8453dc04dd8cf20331b54_Event_room___Bleiche_2_5_Chevron.jpg'}];2026-09-11T09:50:25+02:00
055079b0-2118-4e0e-9bfb-49b956df83c9;Eishalle (IWC Arena);Die Eishalle «IWC Arena» ist ein grosser Veranstaltungsraum für Konzerte, Ausstellungen und Firmenanlässe.;<p>Die Halle bietet Platz f&uuml;r bis zu 1400 G&auml;ste und eignet sich ideal f&uuml;r Events wie Konzerte, Ausstellungen oder Firmenanl&auml;sse &ndash; vor allem im Sommerhalbjahr. Zwischen Oktober und M&auml;rz sind zudem Winteranl&auml;sse wie Plauschhockey-Spiele m&ouml;glich.</p>;[{'@type': 'ImageObject', 'contentUrl': 'https://shltpimtsoch.sos-ch-dk-2.exoscale-cdn.com/catalog/9/a/1/9/9a1931bcaf8ff8de8b8c405993358e4af6538de9_Seminar.jpg'}];2026-09-14T10:26:16+02:00
07705649-1a65-4824-bec2-7ee49badd023;Lettensaal 2;Der Lettensaal 2 ist der Grösste der Lettensäle Seminarräume.;<p>Hier können Sie eine individuelle Bestuhlung wählen und der Raum bietet viel Fläche für &quot;socialising&quot; neben dem Arbeiten direkt im Raum.</p>;8.480145;47.569445;2026-09-07T15:40:22+02:00
0a127761-2f3d-4071-9e90-b2b94db7405c;Sitzungszimmer;Das Sitzungszimmer (29m2) bietet alles, was es für ein produktives Meeting oder einen Workshop benötigt.  Ein Beamer sowie eine Leinwand gehören zur Grundausstattung. Weiteres Equipment ergänzen wir gerne auf Wunsch. Die Deckenhöhe liegt bei 2m.;Der besondere Charme des Hotels zieht sich auch durch die Meetingräume. Der hochwertige Riemenboden Holzboden und die Holzbalken schaffen eine warme, angenehme Atmosphäre. Auf Wunsch kümmern wir uns um die passende Kulinarik in den Pausen.;8.6322501;47.69672;[{'@type': 'ImageObject', 'contentUrl': 'https://shltpimtsoch.sos-ch-dk-2.exoscale-cdn.com/catalog/b/d/9/2/bd92b335020016dce20d04dd03a3e7ba831163c6_sorell_hotel_rueden_schaffhausen_seminarraum_sitzungszimmer.jpg'}];2025-06-30T08:43:20+02:00
0b175d71-5aa8-4efc-800a-0853df0bba18;Sitzungszimmer 2;Kleines Sitzungszimmer für Besprechungen in überschaubarer Runde – mit Blockbestuhlung für bis zu 8 Personen geeignet.;<p>Dieses Sitzungszimmer eignet sich f&uuml;r Meetings und Besprechungen mit einer kleinern Gruppe. Die Blockbestuhlung bietet Platz f&uuml;r bis zu 8 Personen und schafft einen passenden Rahmen f&uuml;r konzentriertes Arbeiten.</p>;2026-09-15T09:29:13+02:00
0cb668b1-d457-4085-a5e5-38c60c62c220;Rhein 5;Der Seminarraum Rhein 5 im 2. Stock ist einer der neusten Räume seit 2023 im Riverside.;<p>In Kombination mit den Lettensälen auf diesem Stockwerk und mit seinen 128m² hat der Raum die ideale Grösse für Gruppen von 20 bis 50 Personen. Im Vorraum / Entrée geniessen Sie zwischendurch eine Kaffeepause. Auf dem gleichen Stock befinden sich rund um das Lettensaal-Foyer (wird Ende Mai fertiggestellt) weitere 6 Räume, die zusätzlich als Gruppenräume genutzt werden können. Das Stockwerk kann bei Wunsch auch exklusiv gemietet werden.</p>;8.480145;47.569445;2026-09-07T15:40:22+02:00
0ce75b24-6b6e-4812-9b82-26279a91a00e;Bleiche 1;Der Raum Bleiche 1 ist ein Teil des grossen Ballsaals. ;<p>Ein Beamer mit einer Leinwand und ein hervorragendes Soundsystem sind fix installiert. Zudem &uuml;berzeugt der Raum mit Tageslicht dank bodentiefer Panoramafenster sowie klimatisierte Bel&uuml;ftung im Minergiestandard.</p>;8.6321377;47.6991974;[{'@type': 'ImageObject', 'contentUrl': 'https://shltpimtsoch.sos-ch-dk-2.exoscale-cdn.com/catalog/0/2/e/6/02e66e5951949130ce0cdeebf16a21746d9e1255_Bleiche_1.jpg'}];2026-09-15T08:37:09+02:00
0d83db62-2d84-4324-a7a0-c79ef0920fb3;Denkmalgepflegtes Färberhaus;Entdecke diese exklusive Unterkunft in einem denkmalgeschützten Haus. 
Auf rund 60 m² entsteht ein Rückzugsort für bis zu vier Gäste: ideal für Paare, frischgebackene Eltern oder kleine Familien mit Teenager.;<p>Deine ideale Ausgangslage f&uuml;r den Besuch des gr&ouml;ssten Wasserfalls Europas, den Rheinfall, sowie der historischen St&auml;dte Schaffhausen und Stein am Rhein. Die Region bietet zudem wunderbare Wanderwege, Velotouren und vielf&auml;ltige Entdeckungen entlang des Rheins und des Bodensees.</p><ul><li>Ausblick auf den Rhein </li><li>Sorgf&auml;ltige Renovation unter Denkmalschutz </li><li>Eigener Sitzplatz </li><li>Badewanne im Schlafzimmer </li><li>Hotellerie Bettw&auml;sche und Badet&uuml;cher</li><li>Direkter Anschluss per Boot nach Schaffhausen</li><li>Bialetti Espressokanne, Milchsch&auml;umer, Teeset</li><li>Waschmaschine und W&auml;schetrockner </li><li>Eigener Parkplatz </li><li>Abstellraum f&uuml;r Fahrrad und Kinderwagen</li><li>Arbeitsplatz </li><li>10 Minuten von der Autobahnausfahrt entfernt </li><li>40 Minuten mit dem Auto nach Z&uuml;rich Hauptbahnhof und Konstanz</li></ul><p>Das fr&uuml;here Farblager neben dem Hauptgeb&auml;ude, das einst zur Stofff&auml;rberei geh&ouml;rte, wurde 2023 liebevoll zu einer Wohnung umgebaut. Nachdem das Geb&auml;ude lange dem Verfall &uuml;berlassen war, wurde es mit grosser Sorgfalt und Respekt gegen&uuml;ber der bestehenden Substanz vollst&auml;ndig restauriert und neu aufgebaut. Im Innern erinnern historische Holzbalken sowie Teile der ersten Diessenhofer Stadtmauer an die lange Geschichte des Hauses.<br>Das F&auml;rberhaus geh&ouml;rt zum geschichtstr&auml;chtigen Geb&auml;udekomplex aus dem Jahr 1518 und liegt direkt am Rhein im historischen St&auml;dtchen Diessenhofen. Heute verbindet die Wohnung historische Architektur mit einem ruhigen, modernen Design.</p><p>Im Erdgeschoss &ouml;ffnet eine grosse Fensterfront den Wohnbereich zum Sitzplatz und zum Rhein hin. Hier befinden sich die K&uuml;che, ein Esstisch sowie ein gem&uuml;tliches Wohnzimmer, das zum Lesen oder Musikh&ouml;ren einl&auml;dt. Die voll ausgestattete K&uuml;che l&auml;dt zum Kochen ein. Zus&auml;tzlich stehen eine Bialetti-Espressokanne, ein Milchsch&auml;umer und ein Teeset bereit. Im selben Geschoss kann auch eine Waschmaschine mit Trocknerfunktion benutzt werden.</p><p>Im ersten Obergeschoss liegt das Schlafzimmer mit Doppelbett und einer kleinen Leseecke. Durch das Fenster f&auml;llt der Blick Richtung Rhein. Ein besonderes Detail ist die grossz&uuml;gige, zum Raum offene Badewanne. Nat&uuml;rlich werden Handt&uuml;cher, Shampoo und Duschgel zur Verf&uuml;gung gestellt. Hier ist auch ein Arbeitsplatz eingerichtet, damit du deine Gedanken ins Notizbuch schreiben, etwas malen oder Postkarten versenden kannst.</p><p>&Uuml;ber eine steile Leiter gelangt man auf die Galerie, einen gem&uuml;tlichen Schlafbereich unter dem Dach. Hier k&ouml;nnen zwei weitere G&auml;ste &uuml;bernachten. Aufgrund der Leiter eignet sich dieser Bereich besonders f&uuml;r Jugendliche oder Erwachsene.</p><p>Vor dem Haus befindet sich ein privater Sitzplatz mit Tisch und vier St&uuml;hlen, umgeben von Pflanzen. Perfekt f&uuml;r einen Kaffee am Morgen oder ein Glas Wein am Abend. Direkt daneben verl&auml;uft der beliebte Rheinwanderweg. So ist das Haus Teil des lebendigen Flussufers und gleichzeitig ein wunderbarer Ausgangspunkt f&uuml;r Spazierg&auml;nge, Velotouren und Entdeckungen entlang des Rheins.<br>Die charmante Altstadt von Diessenhofen und der Hafen sind in wenigen Minuten zu Fuss erreichbar.</p><p>Weitere relevante Angaben:</p><ul><li>steile Treppenleiter zu Galerie &ndash; bitte vorsichtig benutzen.</li><li>Wir erheben ein Tourimusbeitrag. Wir m&ouml;chten damit die Organisation Thurgau Tourismus und die Region unterst&uuml;tzen.&nbsp;</li></ul><p>Zus&auml;tzliche Dienstleistungen:</p><ul><li>sp&auml;terer Check-out unterliegt der Verf&uuml;gbarkeit</li><li>Reinigung w&auml;hrend des Aufenthalts kann gegen Aufpreis gebucht werden.</li><li>Hunde sind gegen Aufpreis herzlich willkommen.</li><li>Ein Babybett ist auf Anfrage verf&uuml;gbar.</li></ul>;8.751618862152101;47.69016467237099;Schwaderloch 8;8253;Diessenhofen;info@dormouse.ch;https://www.airbnb.ch/h/faerberhausdiessenhofen;[{'@type': 'ImageObject', 'contentUrl': 'https://shltpimtsoch.sos-ch-dk-2.exoscale-cdn.com/catalog/1/7/b/1/17b1efc994429f1e62be4c6bb128654079e05183_Ku__che_und_Esstisch__1_.jpg'}];2026-06-02T14:16:32+02:00
0efdefec-be73-46c0-acf3-9a01d47113cb;Säulensaal 2;Der Säulensaal 2 ist mit 91m² der grösste aller Säulensääle.;<p>Er eignet sich hervorragend f&uuml;r Workshops, Schulungen und Meetings.</p>;8.480145;47.569445;2026-09-11T09:39:01+02:00
0f26f2ed-b6ba-4d96-992c-4871d5052bc2;Glatt 3;Mit einer Fläche von 186m² und integrierter Küchenecke lässt der Glatt 3 viel Raum für aller Art von Bestuhlungen und Seminaren.;<p>Der Meetingraum Glatt 3 bietet auf 186 m&sup2; viel Platz f&uuml;r Seminare und unterschiedliche Bestuhlungsformen. Die integrierte K&uuml;chenecke erg&auml;nzt den Raum funktional und eignet sich f&uuml;r Veranstaltungen, bei denen Flexibilit&auml;t gefragt ist.</p>;8.480145;47.569445;2026-09-14T16:23:02+02:00
14607a38-49d2-4fc1-8cba-f5953a5d667a;Seminar 1;Seminar 1 ist ein Meetingraum für Seminare und Anlässe mit flexiblen Bestuhlungsmöglichkeiten. ;<p>Der Raum bietet je nach Setup Platz fuer 22 Personen im Seminar, 24 in U-Form, 40 in Blockform, 48 beim Bankett sowie bis zu 80 Personen bei Konzert- oder Barbestuhlung.</p>;2026-09-11T09:53:09+02:00
18348903-04a5-43ba-92a7-a91d8304bef0;Huber-Werdmüller Halle;Die Huber-Werdmüller Halle ist ein Meetingraum mit 110 m² Fläche und Platz für bis zu 100 Personen.;<p>Die Huber-Werdm&uuml;ller Halle eignet sich f&uuml;r Anl&auml;sse mit unterschiedlich grossen Gruppen. Der Raum bietet 110 m&sup2; und kann je nach Bestuhlung f&uuml;r bis zu 100 Personen genutzt werden.</p>;8.6134489;47.6828558;2026-09-15T08:27:49+02:00
1c76235f-40b1-4b07-86e6-32b8326e4e55;Rhein 4 ;Der Seminarraum Rhein 4 ist ein idealer Raum für kleinere Workshops oder für Gruppenarbeiten.;<p>Er liegt neben dem Plenum Rhein 5 und kann auch sehr gut als kleines Büro für die Seminarorganisation genutzt und gebucht werden. </p>;8.480145;47.569445;2026-09-07T15:40:22+02:00
1cc47263-6f2d-4b31-95db-01d4d62eb209;Lodge 1 ;Die Lodge 1 ist mit 145m² der neue Seminarraum im 2. OG oberhalb der neuen Lodge-Hotelzimmer im Neubau.;<p>Neben der technischen Ausrüstung trumpft der Raum mit einem eigenen Balkon mit Sicht auf die Glatt.</p>;8.480145;47.569445;2026-09-07T15:40:22+02:00
1d022e60-44a6-4472-98b7-3d6b0358b9bf;Innenhof;Der Innenhof ist ein 70 m² grosser Meetingraum im Güterhof und eignet sich für Anlässe.;<p>Im G&uuml;terhof steht dir mit dem Innenhof ein 70 m&sup2; grosser Raum f&uuml;r Veranstaltungen und Meetings zur Verf&uuml;gung. Je nach Bestuhlung finden bis zu 200 Personen f&uuml;r Ap&eacute;ros oder 100 Personen in Konzertbestuhlung Platz.</p>;8.6412581;47.6955227;2026-09-14T10:16:11+02:00
1eda02f5-bbf8-435c-856f-d5e6039b0b73;Glatt 1;Der Glatt 1 ist mit 60m² der grössere Seminarraum.;<p>Der Raum kann vom Glatt 2 unterteilt werden und bietet Platz f&uuml;r bis zu 45 Personen je nach Bestuhlung.</p>;8.480145;47.569445;2026-09-14T16:40:21+02:00
24f88a46-dfde-4f85-8490-eb570dbe5914;Kleiner + grosser Saal;Der kleine und grosse Saal können zusammen oder getrennt für Anlässe gemietet werden.;<p>Mit 400 m&sup2; Fl&auml;che eignet sich der kleine und grosse Saal f&uuml;r unterschiedliche Veranstaltungsformate. Die R&auml;ume zusammen bieten mit Bankettbestuhlung f&uuml;r bis zu 456 Personen und mit Konzertbestuhlung f&uuml;r bis zu 576 Personen platz.</p>;8.7112905;47.7487311;2026-09-14T16:36:57+02:00
293fbf51-3aab-488c-a93a-fb24f73a234c;Kleiner Saal ;Der Kleine Saal ist ein 120 m² grosser Raum für Anlässe.;<p>Mit 120 m&sup2; bietet der Kleine Saal Platz f&uuml;r verschiedene Veranstaltungsformate. Je nach Bestuhlung eignet sich der Raum f&uuml;r bis zu 216 Personen.</p>;8.7112905;47.7487311;2026-09-11T09:40:24+02:00
2e4e6a16-f0d7-46c9-be7c-a3bf335482c0;Grillhütte;Rustikale Grillhütte mit offener Feuerstelle ist ideal für kleine Bankette oder Teamevents in geselliger Runde.;Die Grillhütte bietet Platz für bis zu 24 Personen – ideal für kleine Bankette oder Teamevents. In der Mitte sorgt eine offene Feuerstelle für Wärme und Atmosphäre. Fleisch, Gemüse oder Marshmallows – alles wird direkt am Feuer grilliert. Perfekt für gemütliche Stunden in geselliger Runde.;8.6222823;47.7049109;[{'@type': 'ImageObject', 'contentUrl': 'https://shltpimtsoch.sos-ch-dk-2.exoscale-cdn.com/catalog/a/7/3/9/a739573e9b05de5d0f0e22bf908d221926fc154b_DSC_1590.jpg'}];2026-09-11T09:38:20+02:00
2f23bacc-501f-4fc9-a1e4-6450afd6a12b;Bleulersaal;Abendrestaurant - 17.30 bis 23.30 Uhr
Der Bleulersaal ist ideal für Gesellschaften bis 44 Personen.;<p>Grosse Kristallleuchter, weisse S&auml;ulen, runder Kachelofen und Spiegel - das ist der Bleulersaal. Gr&ouml;sse: 80 m2.</p>;8.6148474;47.676799;[{'@type': 'ImageObject', 'contentUrl': 'https://shltpimtsoch.sos-ch-dk-2.exoscale-cdn.com/catalog/a/f/a/e/afae0bc0b1d0aec8c63ca5a98f60c43e76b061ab_00_SL_Bleulersaal_Abendrestaurant_006.jpg'}];2026-04-17T16:37:43+02:00
30232148-9529-4a1c-9369-1926a3332fa9;Sitzungszimmer 3;Sitzungszimmer 3 ist ein Meetingraum für kleinere Gruppen mit Blockbestuhlung für bis zu 15 Personen.;<p>Geeignet f&uuml;r Besprechungen, Workshops oder konzentriertes Arbeiten im kleinen Rahmen.</p>;2026-09-15T08:51:14+02:00
31aec6b5-c304-4820-9cd9-30d85a1e4f65;Curlinghalle;Die Curlinghalle ist eine vielseitige Eventlocation für Bankette, Apéros und Konzerte mit bis zu 760 Personen.;Die Curlinghalle bietet Raum für unvergessliche Events mit bis zu 760 Personen bei Banketten, Apéros, Konzerten usw. In der Wintersaison wird sie zusätzlich für Plausch-Curling genutzt – perfekt kombinierbar mit einem Mittag- oder Nachtessen.;[{'@type': 'ImageObject', 'contentUrl': 'https://shltpimtsoch.sos-ch-dk-2.exoscale-cdn.com/catalog/f/1/1/6/f1168243370290cecffb305d684a59138f18afa4_Bankett_2.jpg'}];2026-09-14T16:27:51+02:00
35a42b65-a35f-4aa7-b5d3-2e02491c199e;Schüür­stube;Feiern Sie Ihren Anlass in einer 600-jährigen Zehntenscheune im Kloster St. Georgen in Stein am Rhein.;<p>Die Scheune wurde liebevoll mit grosser Rücksicht auf schützenswerten Elemente zu einem einzigartigen Veranstaltungslokal umgebaut.</p>;8.859727978687095;47.658866047334016;2026-09-07T15:40:22+02:00
35e1c8d5-7cae-4fbc-a61a-304487716c9d;Munot 2;Kleiner Sitzungsraum «Munot 2» für Besprechungen und Seminare mit bis zu 12 Personen.;<p>&laquo;Munot 2&raquo; ist ein Sitzungsraum f&uuml;r kleinere Meetings, Seminare und Besprechungen.</p>;8.6321377;47.6991974;2026-09-14T10:17:35+02:00
39e3ccb3-0a05-4234-b603-1ae85ab92779;Bistro-Saal;Der Bistro-Saal ist Raum mit Platz für bis zu 50 Personen an Bar- oder Hochtischen.;<p>Er eignet sich f&uuml;r einen Ap&eacute;ro nach einer Sitzung oder einen Anlass in ungezwungener Atmosph&auml;re.</p>;8.6593763;47.6971527;2026-09-15T09:30:52+02:00
3b6e9dae-dd87-4e7f-b7ea-9081ffc8e0e5;Saal;Stimmungsvoller Saal mit moderner Technik.;Für Gruppen bis 45 Personen steht unser stimmungsvolle Saal mit Beamer, TV, Leinwand und Flipchart zur Verfügung. Bei grösseren Gruppen kann der Saal mit dem Restaurant kombiniert werden – so bewirten wir bis zu 65 Gäste.;8.6222823;47.7049109;[{'@type': 'ImageObject', 'contentUrl': 'https://shltpimtsoch.sos-ch-dk-2.exoscale-cdn.com/catalog/0/d/a/b/0dab3aded19451fade745d7b715419a2d301e492_Saal_KSS_Rest.jpg'}];2025-07-31T08:33:37+02:00
3b79b9a2-28db-4916-ad5b-cec06fc45c63;Unterrichtszimmer;Meetingraum mit 60 m² Fläche geeignet für Unterricht, Workshops oder kleinere Sitzungen.;<p>Der Raum eignet sich f&uuml;r Unterricht, Workshops oder Besprechungen im kleineren Rahmen. Die klare Ausrichtung auf Lern- und Arbeitssituationen macht ihn passend f&uuml;r Gruppen, die eine kompakte und funktionale Umgebung suchen.</p>;8.6593763;47.6971527;2026-09-11T09:41:28+02:00
3f409534-0e31-4553-8621-9a78f0869eea;Klarissinnenzimmer I;Besprechungsraum mit 30 m² und Blockbestuhlung für bis zu 12 Personen. ;<p>Das Klarissinnenzimmer I eignet sich f&uuml;r kleinere Sitzungen und Besprechungen in konzentriertem Rahmen.</p>;8.6762216;47.6842585;2026-09-14T09:50:33+02:00
42ff935f-64bf-462d-8c58-6e9dea046e4f;Plenum;Der Raum Plenum eignet sich ideal für Meetings oder Workshops, in denen in verschiedenen Gruppen gearbeitet wird. Der Parkettboden und die warmen Farben widerspiegeln das einzigartig historische Flair des Hotels.;In unserem Plenum sind ein Beamer und eine Leinwand fix installiert. Der Raum lässt sich flexibel mit dem Gruppenraum nebenan nutzen.;8.6322501;47.69672;[{'@type': 'ImageObject', 'contentUrl': 'https://shltpimtsoch.sos-ch-dk-2.exoscale-cdn.com/catalog/6/f/c/0/6fc032ad46c811846bfc8942bf2ad4b5a1d8c62d_sorell_hotel_rueden_schaffhausen_seminarraum_plenum_v3.jpg'}];2025-06-27T20:06:58+02:00
43dd516b-8eef-46be-8584-ff74e023f230;Rhein 1;Mit einer Fläche von 41m² ist der Seminarraum Rhein 1 einer der Kleineren im Riverside.;<p>Steht aber in seiner Ausstattung den anderen Räumlichkeiten in nichts nach.</p>;8.480145;47.569445;2026-09-07T15:40:22+02:00
45c5ae49-67d6-4250-9625-9d1d0b63db53;Klosterplatz;Der Klosterplatz vor der Klosterhalle bildet eine einzigartige Kulisse, in der Geschichte auf lebendige Gastlichkeit trifft.;<p>Der Platz verbindet das historische Umfeld vor der Klosterhalle mit einer gastlichen Atmosph&auml;re und eignet sich f&uuml;r Anlaesse, bei denen eine besondere Kulisse gefragt ist.</p>;2026-09-11T09:42:28+02:00
474f3542-ef71-44dd-9fd9-37284e952992;Lettensaal 5;Der Lettensaal 5 ist mit 16m² ein passender Break out Meeting-Raum.;<p>Lettensaal 5 ist ein Meeting-Raum f&uuml;r kleine Gruppen. Der Raum eignet sich als Break-out-Bereich sowie als Work Space oder B&uuml;ro f&uuml;r die Seminarorganisation.</p>;8.480145;47.569445;2026-09-15T09:28:19+02:00
48c10fed-a5ac-4ed3-abee-e2aba86a05b9;Kämmereisaal;Der Kämmereisaal der ehemaligen Spinnerei mit einer Fläche von 506m² bietet den grössten Platz für Events.;<p>Hier spiegelt sich der architektonische Ansatz wieder: &laquo;altes belassen, wertloses entfernen und neues im Zeitgeist erg&auml;nzen&raquo;. Bis zu 450 Personen k&ouml;nnen das einzigartige Ambiente erleben. Der K&auml;mmereisaal empfiehlt sich f&uuml;r alle Feierlichkeiten ab 60 Personen. Im K&auml;mmereisaal sind alle Ihre W&uuml;nsche umsetzbar. Ob serviertes Men&uuml; oder Buffet, ob Band oder DJ mit Tanzfl&auml;che, der K&auml;mmereisaal bietet gen&uuml;gend Platz Ihren Gesch&auml;fts- oder Privatanlass zu zelebrieren.</p>;8.480145;47.569445;[{'@type': 'ImageObject', 'contentUrl': 'https://shltpimtsoch.sos-ch-dk-2.exoscale-cdn.com/catalog/1/b/b/5/1bb541b0e30b217fe69da2ebc7dc45092b8165ba_riverside_saal.jpg'}];2025-07-18T08:19:57+02:00
4a49800d-0468-4bbe-83a8-b2a8bcd884e8;Glatt 2;Der Glatt 2 ist mit 49m² der kleinere Seminarraum, der vom Glatt 1 unterteilt werden kann.;<p>Der Raum kann vom Glatt 1 abgetrennt werden und eignet sich je nach Bestuhlung f&uuml;r bis zu 36 Personen.</p>;8.480145;47.569445;2026-09-14T16:34:05+02:00
4a7b2260-b859-40e0-a99d-3b402c6494ec;Spinnereisaal 2;Der Spinnereisaal 2 ist mit 189m² der grössere Saal, der vom Spinnereisaal unterteilt werden kann.;<p>Mit 189 m&sup2; bietet der Spinnereisaal 2 viel Platz f&uuml;r Seminare, Konzerte und Veranstaltungen. Der teilbare Saal eignet sich f&uuml;r Gruppen, die einen flexibel nutzbaren Raum suchen.</p>;8.480145;47.569445;2026-09-15T08:46:57+02:00
4cb3a4ae-2657-4511-8303-5699c284d9fb;Boldersaal;Boldersaal für Firmenevents, Familienfeiern und Hochzeiten bis maximal 200 Personen.;<p>Feste feiern nat&uuml;rlich anders. Der Bolderhof liegt eingebettet in die wundersch&ouml;ne Rheinlandschaft und ist eine einzigartige Eventlocation. Wir bieten<span lang="DE-CH"> spannenden Rahmenprogramme an wie Kuhreiten, Bauernhof-Olympiade und Erlebnisk&auml;sen und organiseren alles f&uuml;r euch inkl. Ap&eacute;ro, Zvieripl&auml;ttli, Mittag- oder Abendessen und Aktivit&auml;ten!</span></p>;[{'@type': 'ImageObject', 'contentUrl': 'https://shltpimtsoch.sos-ch-dk-2.exoscale-cdn.com/catalog/5/f/f/4/5ff41eda0423f173225dde02a68685bb9819c29d_Hochzeit_1.JPG'}];2026-07-20T08:42:10+02:00
4f508e0f-4ff9-40b5-b954-8476f57ab4e9;Besprechungsraum 2;4-5 Personen finden Platz im Besprechungsraum 2.;<p>Der Besprechungsraum 2 eignet sich f&uuml;r kleine Sitzungen mit bis zu 5 Personen. Der Raum bietet eine kompakte L&ouml;sung f&uuml;r Besprechungen im kleinen Rahmen.</p>;8.8602204;47.6594087;2026-09-14T16:28:42+02:00
52fe91a3-b7d6-4ad1-a744-6ed7adbbeaba;Castello;Tagesrestaurant - 11.30 bis 17.30 Uhr 
Feiere im ehemaligen Bannersaal Deine Hochzeit oder Deinen Geburtstag mit über 50 Plätzen und mit Blick auf den romantischen Innenhof.;<p>Das Castello ist der ehemalige Bannersaal des Schlosses. Im Hintergrund lodert ein im Winter ein heimeliges Kaminfeuer.<br>120 m2.</p>;8.6148474;47.676799;[{'@type': 'ImageObject', 'contentUrl': 'https://shltpimtsoch.sos-ch-dk-2.exoscale-cdn.com/catalog/c/6/6/6/c666fb014c069bc42fab99e32c338d8635b36ad4_SchlossLaufen_Castello2.jpg'}];2026-04-17T16:42:20+02:00
56803996-7412-4fc6-8f42-6344a81fb3b4;Seminar 1 + 2;Kombinierbarer Meetingraum für Seminare und Veranstaltungen mit Platz für bis zu 150 Personen. Je nach Bestuhlung eignet sich Seminar 1 + 2 für Workshops, Vorträge oder Bankette.;<p>Seminar 1 + 2 ist ein flexibel nutzbarer Meetingraum f&uuml;r Seminare, Tagungen und Veranstaltungen.</p>;8.6402407;47.704789;2026-09-11T09:37:40+02:00
56dedcf1-7aeb-45b3-a691-964a5e6f34bc;Artist in Residence Chretzeturm;Die Artist Residency Chretzeturm der Jakob und Emma Windler-Stiftung ist ein Ort voller Kreativität und Einzigartigkeit. Jedes Jahr lädt die Jakob und Emma Windler-Stiftung (inter-)nationale Künstler:innen für einen Gastaufenthalt in den Chretzeturm ein.;<p>Die Kunstschaffenden unterschiedlicher Disziplinen leben und arbeiten hier f&uuml;r mehrere Monate. Der Aufenthalt bietet den G&auml;sten Zeit und Raum zur Auseinandersetzung mit dem lokalen gesellschaftlichen Kontext, f&uuml;r k&uuml;nstlerische Experimente und die Entwicklung neuer Werke.</p>;8.860412001904171;47.66010845;Bim Chretzeturm 1;8260;Stein am Rhein;+41 52 533 71 61;kultur@windler-stiftung.ch;https://air-chretzeturm.ch/;[{'@type': 'ImageObject', 'contentUrl': 'https://shltpimtsoch.sos-ch-dk-2.exoscale-cdn.com/catalog/4/a/7/6/4a76a9f62e1792961faeb846e8ac6606139efdfe_Chretze_0019_anonym_kl.jpg'}];2026-05-26T16:58:44+02:00
59d9edc4-d830-4c0d-87ac-076808505725;Hofsaal;Für ganztägige Seminare und Konferenzen im grösseren Kreis bietet der stimmungsvolle Hofsaal, dessen offene Dachkonstruktion sofort ins Auge sticht, den passenden Rahmen und genügend Platz für bis zu 120 Personen mit 293 qm.;<p>Lunchbuffets im Rahmen von Tagungen, Seminaren und Konferenzen richten wir ebenfalls gerne im Foyer mit zusätzlichen 105 qm an.</p>;2026-09-07T15:40:23+02:00
5e4f6c70-7225-4f5c-b3a3-f916ddcfd468;Spinnereisaal 1;Der Spinnereisaal 1 ist der kleinere Saal, der vom Spinnereisaal 2 unterteilt werden kann.;<p>Spinnereisaal 1 ist ein 128 m&sup2; grosser Raum f&uuml;r Seminare, Sitzungen und Anl&auml;sse.</p>;8.480145;47.569445;2026-09-11T09:57:45+02:00
6345895a-5b85-4c0a-925e-1af654c019e9;Sitzungszimmer 1;Meetingraum mit Blockbestuhlung für bis zu 8 Personen.;<p>Dieser Meetingraum eignet sich f&uuml;r Sitzungen und kleine Besprechungen in &uuml;berschaubarem Rahmen.</p>;2026-09-11T09:56:42+02:00
656d16d8-1c2f-41b0-97af-80f125b47528;Carnotzet;Im Keller des Bürgerasyls ist das «Carnotzet». Carnotzet steht für einen kleinen Kellerraum, in dem früher Wein gelagert und verkostet wurde.;<p>Das Carnotzet ist f&uuml;r Anl&auml;sse in besonderer Umgebung f&uuml;r Ap&eacute;ros, f&uuml;r Weindegustationen oder f&uuml;r einfachere Essen im kleinen Rahmen wie Fondue- oder Racletteplausch f&uuml;r Vereine und Private gut geeignet.</p>;2026-09-15T09:19:21+02:00
69eba73a-4387-4fb8-af69-88d354d190e2;Schlossstube;In der vollständig in Holz gehaltenen Schlossstube isst und tagst Du in historischem Ambiente.;<p>20 m2, bis maximal 12 Personen.</p>;8.6148474;47.676799;[{'@type': 'ImageObject', 'contentUrl': 'https://shltpimtsoch.sos-ch-dk-2.exoscale-cdn.com/catalog/b/3/2/e/b32ef8b9d81acda7f9fc3fd892327e6cb04a60b0_SL_4596_Internet_Schlossstube_Seminar_12709.jpg'}];2026-04-17T16:43:25+02:00
6f8c8fad-608c-4c1c-8df6-1ad6415dbe54;Restaurant;Helle Räumlichkeit mit gemütlicher Atmosphäre.;Unser öffentlich zugängliches Restaurant bietet täglich frisch zubereitete Snacks, Salate, Sandwiches, abwechslungsreiche Menüs und feine Desserts – ideal für Gruppen bis 65 Personen. Von Mai bis September geniessen Sie zudem unsere grosse Sonnenterrasse.;[{'@type': 'ImageObject', 'contentUrl': 'https://shltpimtsoch.sos-ch-dk-2.exoscale-cdn.com/catalog/f/d/0/f/fd0fdaba6150c31f67a62a4533cfba15edf06276_DSC_9801_Web.jpg'}];2025-07-31T08:34:52+02:00
706278ce-b66e-4de1-a142-62e9be52a770;Albführen's Paille;Konferenzen im kleineren Rahmen veranstalten Sie idealerweise in den Räumlichkeiten unserer grossen Reithalle in Albführen’s Paille im 2. Stock mit Aufzug.;<p>Hier geniessen Sie den direkten Blick in die Reithalle und können die Reiter während den Kaffeepausen bewundern. Der helle Holzboden und das grosse Fenster zum Hofgarten schaffen die perfekte Atmosphäre für produktives Arbeiten Ihrer Tagungs- und Seminarteilnehmer. Albführen’s Paille hat mit 51 qm Platz für bis zu 16 Personen.</p>;8.484945211579431;47.64141098021758;2026-09-07T15:40:23+02:00
70793515-1955-4ac6-9903-cee44a93da55;Seminarraum;Der ruhige, helle Seminarraum liegt in Richtung Innenhof und verfügt über die Standardausstattung für Meetings und Workshops. Auf Wunsch ergänzen wir gerne weiteres Equipment.;Sehr ruhiger Raum mit Lage zum Innenhof. Der Seminarraum verfügt über eine schöne Stuckatur an der Decke sowie einem heimeligen Holzboden.;8.6322501;47.69672;[{'@type': 'ImageObject', 'contentUrl': 'https://shltpimtsoch.sos-ch-dk-2.exoscale-cdn.com/catalog/5/a/1/c/5a1c5c95d242c905a26d8c032e1954c5f1d46e47_sorell_hotel_rueden_schaffhausen_seminarraum.jpg'}];2025-06-30T08:41:23+02:00
7b1d435a-e02c-486d-9ef1-173e335658c1;Mönchsbeiz;Feiern Sie Ihren Anlass in einer 600-jährigen Zehntenscheune im Kloster St. Georgen in Stein am Rhein.;<p>Die Scheune wurde liebevoll mit grosser Rücksicht auf schützenswerten Elemente zu einem einzigartigen Veranstaltungslokal umgebaut.</p>;8.859765529610627;47.658858824350844;2026-09-07T15:40:23+02:00
7d7b4e52-7c04-460a-95fd-5bd0298e0974;Mühle;In keinem der Albführer-Tagungsräume wird der englische Landhaus-Charakter in Kombination mit modernster Tagungstechnik so deutlich wie auf dem Hof zentral gelegenen Raum Mühle.;<p>Dunkle Holzvertäfelung, eine grosse Fensterfront und ein charmanter Ausblick zum Hengststall geben Ihrer geschäftlichen Veranstaltung eine einzigartig einladende Note.  Je nach Bestuhlung eignet sich die Mühle mit 47 qm für Seminare und kleine Konferenzen für bis zu 10 Personen.</p>;8.48517894713718;47.64147811732108;2026-09-07T15:40:23+02:00
7dc7a2f8-faf0-4e8f-95f1-86268e1954c3;Kreativraum 4;Der Kreativraum 4 hat die Möglichkeit zur Einsicht in die authentische Oldtimer-Werkstatt. ;<p>Der Echtholzboden schafft eine edle Umgebung in einem Raum, welcher durch die grossen Fenster mit viel Licht durchflutet ist und eine gemütliche Atmosphäre für Events aller Art bietet. Die Sicht in die Werkstatt kann auf Wunsch durch eine Wand verborgen werden.</p>;8.6921318;47.5935036;2026-09-07T15:40:23+02:00
7e179046-3887-421b-ad53-a227be1f6b3a;Lodge 2;Die Lodge 2 ist identisch zur Lodge 1 ist mit 145m² ein neuer Seminarraum im 2. OG oberhalb der Lodge-Hotelzimmer im Neubau.;<p>Neben der technischen Ausrüstung trumpft der Raum mit einem eigenen Balkon mit Sicht auf die Glatt.</p>;8.480145;47.569445;2026-09-07T15:40:23+02:00
8208c86f-42d7-49ab-b795-1434e44be043;Rietmannzimmer;Das Rietmannzimmer ist ein 40 m² grosser Sitzungsraum mit Blockbestuhlung für bis zu 15 Personen.;<p>Die Blockbestuhlung bietet Platz f&uuml;r bis zu 15 Personen und eignet sich f&uuml;r Besprechungen in konzentrierter Runde.</p>;8.6762216;47.6842585;2026-09-15T08:37:57+02:00
87ffd4dd-abec-40cc-8aa5-1f8fd846a61b;Säulensaal 6;Der Säulensaal 6 ist prädestiniert für Gruppenarbeiten oder Gespräche.;<p>Ausgestattet mit einem Konferenztisch sowie einem LCD-Screen, bietet er die ideale Bedingung im kleineren Rahmen.</p>;8.480145;47.569445;2026-09-07T15:40:23+02:00
896fe24e-f7a9-4319-9a2a-af316ccdcb6b;Säulensaal 5 ;Der Säulensaal 5 ist mit 52m² der zweitgrösste aller Säulensääle.
;<p>Der Raum eignet sich besonders f&uuml;r Workshops und Schulungen und bietet je nach Bestuhlung Platz f&uuml;r bis zu 30 Personen.</p>;8.480145;47.569445;2026-09-14T10:22:36+02:00
8c33701a-8bc4-4f6a-826a-f79d99002776;Laufenstube;Elegant und dezent möbilierter Raum mit maximal 14 Sitzplätzen für Deine Gesellschaft.;<p>Wichtiges besprechen in passender Umgebung, feiere im intimen Rahmen.</p>;8.6148474;47.676799;[{'@type': 'ImageObject', 'contentUrl': 'https://shltpimtsoch.sos-ch-dk-2.exoscale-cdn.com/catalog/1/9/1/9/19196e04ce1c48cbf7123f481a1eb11a74f67d61_SVLaufen092_Internet_2861.jpg'}];2026-04-17T16:44:55+02:00
8c9ee25f-223c-40ee-87f9-4b2f59035e0a;Albführen's Memphis;Albführen’s Memphis überzeugt nicht nur durch seine Lage im Erdgeschoss der grossen Reithalle, sondern auch durch die Fenster direkt in die Reithalle und den Reitplatz. ;<p>Auch das moderne, aber dennoch sehr warme Ambiente schaffen zudem ausgezeichnete Bedingungen für geschäftliche Besprechungen und Seminare bis zu 11 Personen.</p>;8.48493448284581;47.64143709660657;2026-09-07T15:40:23+02:00
90f1b98c-35f6-4305-9041-3eefbdd84bb7;Rhein 2;Der Seminarraum Rhein 2 ist die Alternative zum Spinnereisaal 2.;<p>Topmodern ausgestattet mit einer Audioanlage und zwei individuell-ansteuerbaren Beamern, die eine Doppelprojektion möglich machen, ist dieser Raum für Konferenzen jeglicher Art geeignet. Mit seinen 149m² bietet er für Gruppen von 20 bis 50 Personen die ideale Grösse.</p>;8.480145;47.569445;2026-09-07T15:40:23+02:00
9313eb3a-42f6-45f0-9766-42d55bf21239;Weinkeller;Der historische Weinkeller eignet sich hervorragend für Weindegustationen und gemütliche Apéros mit feinen Häppchen für Anlässe bis zu 30 Personen.;<p>Diese Mauern atmen Geschichte: 500 Jahre alt ist der Weinkeller des Schlosses Laufen am Rheinfall. Hier hegen und pflegen wir mehr als 48 erlesene Weine aus der Region Schaffhausen und dem Z&uuml;rcher Weinland.</p>;8.6148474;47.676799;[{'@type': 'ImageObject', 'contentUrl': 'https://shltpimtsoch.sos-ch-dk-2.exoscale-cdn.com/catalog/5/7/d/f/57df64d624dbaa95ec3157a76d451e74f08be2a7_SchlossLaufen_Weinkeller_2015_se.JPG'}];2026-09-07T02:36:01+02:00
93c69661-18d9-4e88-8c5c-14574638a357;Rundturm;Feiere ein privates Fest oder speise mit Deiner Hochzeitsgesellschaft am runden, grossen Tisch aus Holz, bis 15 Personen.;<p>Mit einem kleinen Balkon mit Sicht auf den Rhein.</p>;8.6148474;47.676799;[{'@type': 'ImageObject', 'contentUrl': 'https://shltpimtsoch.sos-ch-dk-2.exoscale-cdn.com/catalog/b/b/5/7/bb57d105cfb5b526a1e4b67b74d161516c40c8ef_00_SL_Rundturm_Balkon.jpg'}];2026-09-07T02:36:00+02:00
93f229ed-6822-45eb-bc2f-56b6ab8e1a9b;Munot 1;Kleiner Meetingraum mit 19 m² für Sitzungen und Workshops in kleinem Rahmen – geeignet für bis zu 10 Personen in Blockbestuhlung.;<p>Munot 1 ist ein kleiner Meetingraum im Vienna House zur Bleiche. Je nach Bestuhlung bietet der Raum Platz f&uuml;r bis zu 10 Personen in Blockform, 12 Personen bei Konzertbestuhlung oder 8 Personen im Seminar-Setup.</p>;8.6321377;47.6991974;2026-09-14T16:39:11+02:00
97443651-83af-4ab3-bad0-b676b208c9d9;Saal 4;Herzstück des Pavillon im Park sind die vier multifunktionalen Säle, welche beliebig kombiniert werden können. Alle Säle sind durch schiebbare Wände getrennt und können bei Bedarf geöffnet werden.;<p>Alle S&auml;le sind durch schiebbare W&auml;nde getrennt und k&ouml;nnen bei Bedarf ge&ouml;ffnet werden.</p>;8.6299532;47.6960168;[{'@type': 'ImageObject', 'contentUrl': 'https://shltpimtsoch.sos-ch-dk-2.exoscale-cdn.com/catalog/3/5/a/d/35ad13ceb281fa9a8431ff413b2f13938ddb2380_08_pavillon_im_park_schaffhausen.jpg'}];2026-09-07T02:36:14+02:00
9c821912-5e9f-40dc-a7d8-3693652d78e6;Bleiche 5;Meetingraum für Seminare, Besprechungen und Anlässe für bis zu 30 Personen.;<p>Die Bleiche 5 ist ein Meetingraum mit 65 m&sup2; und eignet sich f&uuml;r Seminare, Besprechungen und kleinere Veranstaltungen. Je nach Bestuhlung bietet der Raum Platz f&uuml;r bis zu 30 Personen.</p>;8.6321377;47.6991974;2026-09-15T09:22:03+02:00
a59c5676-2ac0-444d-a8d0-7deaed0f8826;Säulensaal 7;Der Säulensaal 7 eignet sich als Breakout Room für Gruppenarbeiten oder Meetings.;<p>Ausgestattet mit einem grossen Konferenztisch sowie einem LCD-Screen, bietet er die ideale Bedingung im kleineren Rahmen.</p>;8.480145;47.569445;2026-09-18T02:37:35+02:00
b1a4fe3c-5388-437c-a857-a3b6513eb456;Munot 1 - 2;Kleiner Boardroom für Sitzungen und Workshops. Der Raum bietet Tageslicht, bodentiefe Panoramafenster, klimatisierte Belüftung im Minergiestandard sowie einen Präsentationsbildschirm.;Ein wireless Prästenations TV mit 75" ist fix installiert. Zudem überzeugt der Raum mit Tageslicht dank bodentiefer Panoramafenster sowie klimatisierte Belüftung im Minergiestandard.;8.6321377;47.6991974;[{'@type': 'ImageObject', 'contentUrl': 'https://shltpimtsoch.sos-ch-dk-2.exoscale-cdn.com/catalog/8/2/9/6/8296f7596a18ac129dd95adc4dc910b29ed1af0f_Boardroom_Rheinfall.jpg'}];2026-09-18T02:33:02+02:00
b29a88ce-d85e-404c-b957-bc8efce6a13e;Säulensaal 4 ;Der Säulensaal 4 ist prädestiniert für Workshops, Gruppenarbeiten oder Meetings.;<p>Ausgestattet mit einem grossen Konferenztisch sowie einem LCD-Screen, bietet er die ideale Bedingung als Breaktout Room.</p>;8.480145;47.569445;2026-09-18T02:33:08+02:00
b3cbac7b-98ca-4eea-bbf4-9ed889ae6ca6;Hofstube;Hervorragend geeignet für Gruppen bis zu 40 Personen.;<p>Der Raum eignet sich f&uuml;r Sitzungen, Workshops und kleinere Veranstaltungen mit unterschiedlichen Raumkonzepten.</p>;2026-09-18T02:33:13+02:00
b470e0ef-153f-4eb5-aebe-7799d3a31297;Grosser Saal;Der grosse Saal ist ein Meetingraum mit 290 m² Fläche und Platz für bis zu 300 Personen in Konzertbestuhlung.;<p>Der grosse Saal viel Raum f&uuml;r Veranstaltungen und Meetings. In Konzertbestuhlung finden bis zu 300 Personen Platz.</p>;8.6593763;47.6971527;2026-09-18T02:33:24+02:00
b7d6e31c-7c13-443f-81ce-22e996e42f05;Sitzungszimmer Konrad Steffenauer;Das Steffenauer-Zimmer ist ein typisches Sitzungszimmer mit den notwendigen technischen Einrichtungen.;<p>Das Sitzungszimmer Konrad Steffenauer ist ein klassischer Raum f&uuml;r Besprechungen und kleinere Meetings. Es bietet die notwendigen technischen Einrichtungen und eignet sich f&uuml;r Gruppen mit bis zu 16 Personen.</p>;2026-09-18T02:33:32+02:00
b9aff85f-27e6-42bf-8cc0-d8d9d9fd6971;Rhein 6;In Kombination mit den Lettensälen auf diesem Stockwerk und mit seinen 124m² hat der Raum die ideale Grösse für Gruppen von 20 bis 50 Personen.;<p>Im Entrée geniessen Sie zwischendurch eine Kaffeepause. Auf dem gleichen Stock befinden sich rund um das Lettensaal-Foyer (wir Ende Mai fertiggestellt) weitere 6 Räume, die zusätzlich als Gruppenräume genutzt werden können. Das Stockwerk kann bei Wunsch auch exklusiv gemietet werden.</p>;8.480145;47.569445;2026-09-18T02:33:40+02:00
ba0ac71b-b7a4-47b1-9291-630c02f71d80;Lettensaal 6;Der Lettensaal 6 ist mit seinen alten Holzbalken ein Meeting Raum mit speziellem Flair.;<p>Diese Holzbalken trennen den Raum dezent in zwei Bereiche und bietet so einen kleinen Vorraum, welcher als Kaffeepausen Ecke oder zusätzlichen Arbeitsraum genutzt werden kann. Ausgestattet mit einem grossen Konferenztisch sowie einem LCD-Screen bietet er verschieden Set Up Möglichkeiten.</p>;8.480145;47.569445;2026-09-18T02:33:43+02:00
bb8c1f5d-e8bd-4627-9ab6-37b985a7bda9;Seminarraum «Waldraum»;Moderne Infrastruktur, hochstehende Küche, aufmerksame Betreuung, Ruhe und Inspiration.;<p>Der Seminarraum &laquo;Waldraum&raquo; ist ein 40 m&sup2; grosser Raum f&uuml;r kleinere Sitzungen, Workshops und Seminare. Er bietet Platz f&uuml;r bis zu 20 Personen. Die ruhige Umgebung, die moderne Infrastruktur und die aufmerksame Betreuung schaffen einen passenden Rahmen f&uuml;r konzentriertes Arbeiten.</p>;[{'@type': 'ImageObject', 'contentUrl': 'https://shltpimtsoch.sos-ch-dk-2.exoscale-cdn.com/catalog/4/b/e/9/4be97ac3a1edb2c180e2c88110458016c754d987_schmizz_800_9861_small.jpg'}];2026-09-17T20:49:39+02:00
bca31c25-4531-45fd-a0bb-5e25ab69508b;Klarissinnenzimmer II;Kleiner Sitzungsraum für Besprechungen geeignet für bis zu 6 Personen.;<p>Das Klarissinnenzimmer II ist ein kompakter Sitzungsraum f&uuml;r kleinere Besprechungen und konzentrierte Austauschrunden.</p>;8.6762216;47.6842585;2026-09-18T02:34:02+02:00
bd8dc9c3-1c55-443b-9051-25b66367fc45;Bleiche 1 - 5;Der Saal Bleiche 1 – 5 ist ein grosser Eventraum mit Platz für bis zu 250 Personen. ;Ein Beamer mit einer Leinwand und ein hervorragendes Soundsystem sind fix installiert. Zudem überzeugt der Raum mit Tageslicht dank bodentiefer Panoramafenster sowie klimatisierte Belüftung im Minergiestandard.;8.6321377;47.6991974;[{'@type': 'ImageObject', 'contentUrl': 'https://shltpimtsoch.sos-ch-dk-2.exoscale-cdn.com/catalog/8/9/4/a/894ae06f40a86ea3ee35611a0341a63404b59895_Bleiche_1_5.jpg'}];2026-09-18T02:34:08+02:00
be244258-002d-4e8e-8e27-ef91156e6d4d;Jakob und Emma Windler-Saal;Der Saal wird durch die Stadt und Vereine benützt. Der Windler-Saal ist eine grosse Räumlichkeit, die auf zwei Ebenen basiert.;<p>Der Saal eignet sich f&uuml;r Tagungen, Vortr&auml;ge, Sitzungen, Empf&auml;nge, Konzerte, Podiumsgespr&auml;che, Ausstellungen, Lesungen und sonstige kulturelle Veranstaltungen.</p>;2026-09-18T02:34:12+02:00
be2bab4d-1442-4bb0-8a7b-19e1c211b1c5;Innenhof;Der Innenhof kann für Apéros genutzt werden.;<p>Der Innenhof im Sch&ouml;nb&uuml;hl kann f&uuml;r Ap&eacute;ros bis zu 40 Personen an Bar- oder Stehtischen genutzt werden.</p>;8.6402407;47.704789;2026-09-18T02:34:17+02:00
bf17a8ef-ca74-4f35-884b-cea44197052e;Kuppelraum;Der einzigartige Kuppelraum lässt sich ganz problemlos vom Meetingraum zum feierlichen Apéroraum umwandeln. Die eindrucksvolle Kuppe sowie hoch aufragende Säulen verleihen diesem Raum seine Einzigartigkeit.;Eine eindrucksvolle Kuppel, weiche Farbtöne sowie ein Fischparkettboden verleihen dem Kuppelraum einen besonderen Charme. Wie in jedem Raum ist auch technisches Equipment wie ein Beamer vorhanden.;8.6322501;47.69672;[{'@type': 'ImageObject', 'contentUrl': 'https://shltpimtsoch.sos-ch-dk-2.exoscale-cdn.com/catalog/1/0/0/1/1001ce796f1aaf6dc1f5e521f8d180c26746b57d_sorell_hotel_rueden_schaffhausen_seminarraum_kuppelraum.jpg'}];2026-09-18T02:34:20+02:00
c21d20bc-ae63-4faa-8a6e-10bfab136123;Klosterzimmer;Kleiner Meetingraum mit 18 m² und Blockbestuhlung für bis zu 11 Personen.;Das Klosterzimmer ist ein kompakter Meetingraum mit 18 m² Fläche und Blockbestuhlung für bis zu 11 Personen. Der Raum eignet sich für kleinere Sitzungen, Workshops oder Besprechungen in überschaubarem Rahmen.;8.6762216;47.6842585;2026-09-18T02:34:35+02:00
c53464f8-0ace-4939-87fd-16d028010a7a;Rittersaal;Der grösste Saal der Region bietet Raum für Ideen und Platz für 200 Personen. Ideal für Hochzeiten, Firmenfeiern, Seminare und private Anlässe.;<p>Speise Sie im Prunkst&uuml;ck des Schlosses mit bis zu 200 Personen, dem gr&ouml;ssten Bankett- und Seminarraum in der Region. Der Saal kann zweigeteilt oder komplett reserviert werden.</p>;[{'@type': 'ImageObject', 'contentUrl': 'https://shltpimtsoch.sos-ch-dk-2.exoscale-cdn.com/catalog/2/f/6/e/2f6e79c943de8c814d0e24751d23cda62da45a80_00_SL_Rittersaal_Feiern.jpg'}];2026-09-18T02:34:43+02:00
cc7f7a65-3a88-4e23-b8d9-319b148ce2bb;Säulensaal 3;Der Säulensaal 3 ist prädestiniert für Workshops, Gruppenarbeiten oder Meetings.;<p>Ausgestattet mit einem grossen Konferenztisch sowie einem LCD-Screen, ist er optimal als Gruppenraum geeignet.</p>;8.480145;47.569445;2026-09-18T02:35:10+02:00
ce869a60-839e-41da-a1d5-9641b247aae2;Rhein 3;Der Seminarraum Rhein 3 könnte auch als "Hannes Schmid"-Raum betitelt werden. Denn in diesem Raum hängen die bekannten Werbefotografien des Marlboro-Cowboys, die der Fotokünstler Hannes Schmid in den 1990er und frühen 2000er Jahre geschossen hat. ;<p>Somit müssen Sie nicht in eines der grossen Kunstmuseen, wo die bekannte Sammlung ausgestellt ist. Buchen Sie einfach ein Seminar, eine Konferenzen oder ein Meeting im Rhein 3. Mit seinen 146m² ist der Raum die ideale Grösse für Gruppen von 20 bis 50 Personen.</p>;8.480145;47.569445;2026-09-18T02:35:20+02:00
d229ffa9-fef3-460b-9223-56750a494621;Lettensaal 4;Der Seminarraum Lettensaal 4 ist prädestiniert für Workshops, Gruppenarbeiten oder Meetings.;<p>Ausgestattet mit einem Konferenztisch sowie einem LCD-Screen, bietet er die ideale Bedingung als Break out Room.</p>;8.480145;47.569445;2026-09-18T02:35:29+02:00
d2e32aa1-5cd5-40ed-b7a4-709770964b8f;Saal;Der Saal befindet sich im 1. Stock und ist bequem per Lift erreichbar. Er ist unabhängig vom Restaurant und hat direkten Zugang zum Apéroplatz hinter dem Haus.;<p>Der Saal kann mit runden oder rechteckigen Tischen eingerichtet werden und bietet je nach M&ouml;bilierungsart bis zu 120 Personen Platz. Ein Beispiel f&uuml;r die verschiedenen Varianten k&ouml;nnen Sie auf dem Bild sehen. F&uuml;r Versammlungen usw. steht Ihnen ein Beamer zur Verf&uuml;gung. Eine Grunddeko ist immer vorhanden.&nbsp;<br>Der Saal ist per Treppe oder mit Lift vom Haupteingang aus erreichbar. Es gibt separate WC-Anlagen f&uuml;r die Saalg&auml;ste.&nbsp;<br>Sehr gerne stellen wir Ihnen ein zugeschnittenes Angebot zusammen.&nbsp;</p>;8.6286835;47.7275976;[{'@type': 'ImageObject', 'contentUrl': 'https://shltpimtsoch.sos-ch-dk-2.exoscale-cdn.com/catalog/6/f/e/a/6feace68fe9448aa8f61295a02f5e7befbe1e358_gasthof_ziegelhutte_saal_panorama_e1641448459906_1024x365.jpg'}];2026-09-18T02:35:33+02:00
d35d8650-a1e5-4127-8c92-5af4f8ec1a42;Glatt 1 + 2;Im ersten Obergeschoss des Riverside befindet sich der Seminarraum Glatt. Mit einer Grösse von 109m² eignet sich der Raum hervorragend für Seminare, Workshops und Trainings.;<p>Auch dieser Raum lässt sich durch eine mobile Trennwand in zwei Räume à 60m² und 49m² unterteilen. Die technische Grundausstattung steht Ihnen auch in diesem Raum standardmässig zur Verfügung.</p>;8.480145;47.569445;2026-09-18T02:35:36+02:00
d3ee362b-3684-4b06-bc06-b08343be40cf;Äbtissinnenzimmer;Das Äbtissinnenzimmer ist ein 118 m² grosser Meetingraum für Seminare mit bis zu 25 Personen.;<p>Im &Auml;btissinnenzimmer steht dir ein 118 m&sup2; grosser Meetingraum f&uuml;r Seminare und Besprechungen mit bis zu 25 Personen zur Verf&uuml;gung.&nbsp;</p>;8.6762216;47.6842585;2026-09-18T02:35:44+02:00
d96f1b05-e96b-4ba3-a22c-ca190f3eb2a6;Lettensaal 1;Der Lettensaal 1 hat eine Grösse von 55m² und ist mit seiner kleinen Nische ein passender Seminar- und Meeting-Raum für Gruppen bis 30 Personen.;<p>Lettensaal 1 ist ein Seminar- und Meeting-Raum mit 55 m&sup2; f&uuml;r Gruppen bis 30 Personen. Die kleine Nische schafft zus&auml;tzlichen Platz f&uuml;r Gespr&auml;che in kleiner Runde oder f&uuml;r Gruppenarbeiten. Der Raum eignet sich f&uuml;r Seminare, Sitzungen und Workshops.</p>;8.480145;47.569445;2026-09-18T02:35:56+02:00
da039d75-e20c-4ccb-93f2-22ebfd94a72b;Mehrzweckraum 1 + 2;Kombinierbarer Meetingraum für Seminare, Bankette oder Anlässe mit Platz für bis zu 24 Personen.;<p>Der Mehrzweckraum 1 + 2 eignet sich f&uuml;r kleinere Seminare, Anl&auml;sse und Bankette. Je nach Bestuhlung bietet der Raum Platz f&uuml;r bis zu 24 Personen und l&auml;sst sich flexibel f&uuml;r unterschiedliche Veranstaltungsformate nutzen.</p>;8.6402407;47.704789;2026-09-18T02:36:00+02:00
da208b3a-ba7f-4f76-8494-6235fed163ea;Sitzungszimmer;Sitzungszimmer mit 50 m² Fläche und U-Form-Bestuhlung für bis zu 20 Personen.;<p>Dieses Sitzungszimmer bietet dir Platz f&uuml;r Besprechungen, Workshops oder Sitzungen im kleinen bis mittleren Rahmen. In U-Form finden bis zu 20 Personen Platz.</p>;8.6593763;47.6971527;2026-09-18T02:36:04+02:00
da26f053-5a78-406e-b07e-70106aad3663;Saal Fortuna;Im Erdgeschoss des Hinterhauses befindet sich der moderne Veranstaltungsraum.;<p>Hier können kleine Konzerte, Lesungen, Vorträge, Workshops und Bankette stattfinden. Gerne können Sie zusätzlich Verpflegung buchen.</p>;2026-09-18T02:36:04+02:00
ddc69cc0-3431-48d2-94f0-1749fadfc309;Naville Halle;Die Naville Halle ist ein Meetingraum mit 303 m² Fläche, Bankettbestuhlung für bis zu 120 Personen und Konzertbestuhlung für bis zu 300 Personen.;Die Naville Halle eignet sich für Veranstaltungen mit viel Platz und flexibler Nutzung. Der Raum umfasst 303 m² und bietet je nach Bestuhlung Platz für bis zu 120 Personen bei Banketten oder bis zu 300 Personen bei Konzerten.;2026-09-18T02:36:12+02:00
de966fcb-ed09-44e4-b270-585da4193cce;Besprechungsraum 1;4-5 Personen finden Platz im Besprechungsraum 1. Ideal für kleine Besprechungen und Sitzungen.;<p>Der Besprechungsraum 1 ist f&uuml;r kleine Sitzungen und Meetings mit 4 bis 5 Personen geeignet.</p>;8.8602204;47.6594087;2026-09-18T02:36:14+02:00
def5ee58-6e13-4f8e-a152-0c8d2aa22805;Säulensaal 8;Der Säulensaal 8 ist der Gruppenraum mit Chalet-Charme.;<p>Die alten Holzbalken trennen den Raum dezent in zwei und bietet einen kleinen Vorraum. Auch er ist ausgestattet mit einem grossen Konferenztisch sowie einem LCD-Screen und bietet die ideale Bedingung für Meetings und Gruppenarbeiten als Breakout Room.</p>;8.480145;47.569445;2026-09-18T02:36:20+02:00
e31c2f94-a583-4a52-ab74-01280d9d1b19;Kyburgerzimmer;Das Kyburgerzimmer ist ein Sitzungsraum mit 61 m² und Seminarbestuhlung für bis zu 20 Personen.;<p>Im Kyburgerzimmer stehen dir 61 m&sup2; f&uuml;r Sitzungen, Workshops oder kleinere Seminare zur Verf&uuml;gung. Der Raum bietet eine Seminarbestuhlung f&uuml;r bis zu 20 Personen.</p>;8.6762216;47.6842585;2026-09-18T02:31:45+02:00
eb65c814-e689-40ba-a6ca-5ea495ff9f7b;Habsburgerzimmer;Das Habsburgerzimmer ist ein Meetingraum mit 70 m² Fläche und Platz für bis zu 20 Personen in Seminarbestuhlung. ;<p>Er eignet sich f&uuml;r Besprechungen, Workshops und kleinere Veranstaltungen, wenn du einen &uuml;berschaubaren Raum f&uuml;r konzentriertes Arbeiten suchst.</p>;8.6762216;47.6842585;2026-09-18T02:31:46+02:00
ebb82e44-de8a-45fb-90e4-1c33ab3f17ab;Sitzungszimmer Jürg Weber;Das Weber-Zimmer ist ein typisches Sitzungszimmer, wobei keine technischen Einrichtungen vorhanden sind.;<p>Das Sitzungszimmer J&uuml;rg Weber eignet sich f&uuml;r Besprechungen im kleinen Rahmen mit bis zu 12 Personen. Es ist ein typischer Sitzungsraum, bietet jedoch keine technischen Einrichtungen.</p>;2026-09-18T02:31:46+02:00
ed0f525f-6471-4660-ae83-035714b9745b;Klarissinnenzimmer III;Kleiner Sitzungsraum mit 15 m² Fläche und Blockbestuhlung für bis zu 8 Personen.;<p>Das Klarissinnenzimmer III ist ein kompakter Meetingraum Blockbestuhlung f&uuml;r bis zu 8 Personen.</p>;8.6762216;47.6842585;2026-09-18T02:31:45+02:00
ed65ec74-4e2e-4161-9616-ed8672363839;Bleiche 4;Raum mit 30 m2 Fläche und Platz für bis zu 24 Personen – geeignet für Seminare und Sitzungen.;<p>Bleiche 4 ist ein Meetingraum f&uuml;r kleinere Besprechungen. Auf 30 m2 stehen je nach Bestuhlung bis zu 24 Pl&auml;tze zur Verf&uuml;gung.</p>;8.6321377;47.6991974;2026-09-18T02:32:06+02:00
f267cdee-0196-4d60-886f-fc9baa8c13c8;Vereinskeller;Der Vereinskeller im Keller des Bürgerasyls bietet Raum für Anlässe mit bis zu 100 Personen. Zur Ausstattung gehören eine Küche für einfache Gerichte oder Caterings sowie eine Bar.;<p>An den &laquo;Carnotzet&raquo; angrenzend liegt der Vereinskeller im Keller des B&uuml;rgerasyls. F&uuml;r die Verpflegung stehen eine K&uuml;che f&uuml;r einfache Gerichte oder als Satellitenk&uuml;che f&uuml;r Caterings, eine Bar f&uuml;r die Getr&auml;nkeausgabe sowie eine Gl&auml;ser- und eine Geschirrabwaschmaschine zur Verf&uuml;gung.</p>;2026-09-18T02:31:51+02:00
f2c218a1-75d8-4afb-91e8-c65ad2f2d5aa;Kirchenzimmer;Das Kirchenzimmer ist ein Sitzungsraum für bis zu 12 Personen – passend für Besprechungen im kleinen Rahmen.;<p>Mit 36 m&sup2; bietet das Kirchenzimmer Platz f&uuml;r Sitzungen und Besprechungen in kleiner Runde. Die Blockbestuhlung ist f&uuml;r bis zu 12 Personen ausgelegt.</p>;8.6762216;47.6842585;2026-09-18T02:32:06+02:00
f3b54b37-7daf-4d67-82d0-c3ed1e922c97;Neher Halle;Die Neher Halle kann für bis zu 120 Personen in Konzertbestuhlung gemietet werden.;<p>Die Neher Halle bietet dir 120 m&sup2; f&uuml;r Veranstaltungen, Anl&auml;sse oder Bankette.</p>;8.6134489;47.6828558;2026-09-18T02:32:18+02:00
f984ec2d-235c-4d2e-9f61-103868fd6d5a;Bleiche 3 - 5;Der Eventraum Bleiche 3 – 5 bietet Tageslicht, fest installierten Beamer mit Leinwand und Soundsystem und kann bei Bedarf in drei Gruppenräume unterteilt werden.;Der Raum Bleiche 3 - 5  ist ein Teil des grossen Ballsaals. Ein Beamer mit einer Leinwand und ein hervorragendes Soundsystem sind fix installiert. Zudem überzeugt der Raum mit Tageslicht dank bodentiefer Panoramafenster sowie klimatisierte Belüftung im Minergie standard.
Dieser Raum ist in sich nochmals unterteilbar in Bleiche 3, Bleiche 4 und Bleiche 5, wenn mehrere Gruppenräume benötigt werden.;8.6321377;47.6991974;[{'@type': 'ImageObject', 'contentUrl': 'https://shltpimtsoch.sos-ch-dk-2.exoscale-cdn.com/catalog/0/4/3/6/0436be59f4d179c257a71f9d905c803b4f75d759_Event_room___Bleiche_2_5_U_Shape_.jpg'}];2026-09-18T02:32:19+02:00
fbe79d69-50fb-4baa-bcee-4c9a98f53365;Kreativraum 3;Der Kreativraum 3 besteht aus dem Kreativraum 1 und 2 und bietet Platz für 100 Personen.;<p>Dieser Raum bietet durch seine Nähe zum Restaurant und zur Cigar Lounge direkten Einblick in das gastronomische Geschehen der Autohalle. Durch die schalldichte Verglasung werden die Eventbesucher selbstverständlich nicht durch Geräusche gestört. Auch gibt es durch die verdunkelbaren Fenster die Möglichkeit, vertrauliche Inhalte vor anderen Gästen zu schützen. Dieser Raum hat auch Zugang zur Terrasse, welche als Location für das Mittag- oder Abendessen und die Pausen dienen kann.</p>;8.6921318;47.5935036;2026-09-18T02:32:24+02:00
fe3c7f00-84e0-4dc1-85a0-6cf6191b6922;Zunftsaal;Der historische Zunftsaal ist das Prunkstück des Hotels. Der helle Raum in barocker Eleganz eignet sich ideal für festliche Bankette ebenso wie für klassische Konzerte oder traumhafte Hochzeiten.;Der Zunftsaal besitzt einen einzigartigen, pittoresken Charme und lässt jede Feier in barocker Eleganz erstrahlen. Grosszügig, warm und historisch elegant – feiern Sie bei uns Ihren Anlass. Wir sorgen dafür, dass es unvergesslich wird.;8.6322501;47.69672;[{'@type': 'ImageObject', 'contentUrl': 'https://shltpimtsoch.sos-ch-dk-2.exoscale-cdn.com/catalog/5/f/9/5/5f955840a15e252464111cf282ebd08d75eaeece_sorell_hotel_rueden_seminar.jpg'}];2026-09-18T02:32:43+02:00
