id;name;disambiguatingDescription;description;longitude;latitude;streetAddress;postalCode;addressLocality;telephone;email;url;image;dateModified02ac223c-9a59-4833-acdd-b651dc63f698;Webstube Schleitheim;Ein handwerklicher Kurzurlaub ist ein Genuss für die Seele!;<p>Die Wäbi Schlaate öffnet ihre Pforten!</p><p>In der Webstube in Schleitheim klappern seit 1960 die Webstühle. Zwischenzeitlich ist die Anzahl gewachsen und wir können einem breiteren Publikum unser Angebot anbieten. Dazu laden wir euch herzlich zu einem unserer Kurse ein.</p><p><span style="font-weight: bold;">Wer?</span><br>Alle, die in dieses Handwerk eintauchen und erleben wollen, wie ein gewobenes Produkt entsteht.</p><p><span style="font-weight: bold;">Wieso?</span><br>Um die Zeit stehen zu lassen und uns selber oder anderen eine Freude zu bereiten.</p><p><span style="font-weight: bold;">Wie?</span><br>Wir werden am bereits eingerichteten Webstuhl unter Anleitung ein Tüechli weben.</p><p><span style="font-weight: bold;">Wann?</span><br>Diverse Kursdaten sind im Angebot. Gerne bieten wir ab 2 Personen individuelle Kurse nach Absprache an.</p>;8.4883826;47.7492737;Kirchgasse 6;8226;Schleitheim;052 680 22 33;claudia.eggli@bluewin.ch;https://schlaatemer-landfrauen.ch/webstube/;[{'@type': 'ImageObject', 'contentUrl': 'https://shltpimtsoch.sos-ch-dk-2.exoscale-cdn.com/catalog/8/6/4/5/86451c6203d36b0b9164fae69587f2e7b3024350_Webstube.jpg'}];2026-05-04T12:02:14+02:00
0ebd83f1-fdd4-406c-80a5-ca75d005c6d1;Sato Code Schaffhausen;Sato Code ist kein Spiel – es ist eine Challenge. Draussen, mitten in der Stadt. Entdecke eine verborgene Geschichte und die geheimnisvolle Seite von Schaffhausen. Jede Ecke birgt Hinweise. Jedes Rätsel bringt dich der Wahrheit näher.;<p>Entdecke Schaffhausen auf v&ouml;llig neue Weise: Sato Code verwandelt die Altstadt in einen interaktiven Escape Room &ndash; nur spielt sich dieses Abenteuer nicht in einem Raum ab, sondern draussen, mitten in der Stadt.</p><p>Perfekt f&uuml;r alle, die R&auml;tselspass mit einem besonderen Stadterlebnis verbinden m&ouml;chten. Gemeinsam mit deinem Team entschl&uuml;sselst du eine verborgene Geschichte. Die Route f&uuml;hrt dich zu versteckten Gassen und &uuml;berraschenden Perspektiven, an denen man sonst einfach vorbeil&auml;uft.</p><p>Die Sato Code App wird dabei zur Spielfl&auml;che &ndash; und reale Objekte vor Ort zum Schl&uuml;ssel, um den Code zu knacken. Dank des Multiplayer-Modus &uuml;bernimmt jede Person eine eigene Rolle mit einzigartigen Hinweisen. Nur wer kommuniziert und zusammenarbeitet, kommt ans Ziel &ndash; ideal f&uuml;r kleine oder grosse Gruppen, Teamausfl&uuml;ge oder besondere Anl&auml;sse.</p><h6>Gut zu wissen</h6><ul><li><h6>2&ndash;4 Personen pro Team &ndash; bei gr&ouml;sseren Gruppen einfach in kleinere Teams aufteilen</h6></li><li><h6>jeden Tag und jederzeit spielen &ndash; keine Reservation</h6></li><li><h6>alle brauchen die kostenlose Sato Code App (iOS &amp; Android)</h6></li><li><h6>Internetverbindung erforderlich</h6></li><li><h6>Kinder unter 12 spielen gratis mit (ohne eigenes Handy, kein Ticket n&ouml;tig)</h6></li><li><h6>Dauer: ca. 60-90 Minuten (je nach Tempo)</h6></li><li><h6>Hunde willkommen &ndash; das Spiel findet draussen statt</h6></li></ul>;8.6339196;47.6972338;Fronwagplatz 24;8200;Schaffhausen;+41 79 617 85 41;hello@sato-code.com;https://www.sato-code.com;[{'@type': 'ImageObject', 'contentUrl': 'https://shltpimtsoch.sos-ch-dk-2.exoscale-cdn.com/catalog/4/8/3/8/483895bc76f402413a6e2152942a1174ad64a6b9_OmegaCodex0.png'}];2026-05-04T12:02:16+02:00
10ca01e2-7d60-42fb-92bf-74c2eed4f180;Führung «Frauenpfad 1.5 h»;Lerne spannende Frauen mit unterschiedlichsten Biografien aus verschiedenen Epochen kennen, die Schaffhausen mitgeprägt haben. Gerne nehmen wir deine Wünsche entgegen und integrieren diese.;<ul><li><h6>Preis: CHF 260.00</h6></li><li><h6>Gruppengr&ouml;sse: max. 25 Personen</h6></li><li><h6>Dauer: 1 1/2 h</h6></li><li><h6>Sprachen: Schweizerdeutsch, Deutsch, Franz&ouml;sisch</h6></li></ul>;8.633410845184597;47.69672500418086;8200;Schaffhausen;+41 52 632 40 20;info@schaffhauserland.ch;[{'@type': 'ImageObject', 'contentUrl': 'https://shltpimtsoch.sos-ch-dk-2.exoscale-cdn.com/catalog/4/6/9/7/4697aadbc2b6313118342d9d18a0b7c4c189777a_sh_wassertraegerin_juni_sommer.jpg'}];2026-08-28T09:51:24+02:00
3a1ddeb1-70d2-438c-918d-9625ac2c0e2e;Führung Hallauer Gässliwanderung;Tauche ein in die Gassen von Hallau und geniesse Geschichten und Erzählungen von anno dazumal.;<p>Stattliche H&auml;user, pl&auml;tschernde Brunnen, idyllische Gassen und Winkel geben der schmucken Gemeinde seinen Charm.</p><p>&nbsp;</p><ul><li><h6>Preis:</h6><ul><li><h6>CHF 220.00 bis 15 Personen</h6></li><li><h6>CHF 300.00 16 bis 25 Personen</h6></li></ul></li><li><h6>Dauer: 1 1/2 h</h6></li><li><h6>Sprachen: Schweizerdeutsch, Deutsch</h6></li></ul>;8.460266590116891;47.69744037011376;Bank- / Postplatz;8215;Hallau;+41 52 632 40 10;erleben@schaffhauserland.ch;[{'@type': 'ImageObject', 'contentUrl': 'https://shltpimtsoch.sos-ch-dk-2.exoscale-cdn.com/catalog/3/2/7/f/327f3eeaacf6382a804856682e7497646e883bee_hallau_gaessliwanderung_fuehrung_juni_sommer_01.jpg'}];2026-05-26T13:04:06+02:00
48b9611f-b8b9-4b8a-983b-7ac2600f1657;Führung «Gipsstollen mit Gartenbahn»;Das einzige Gipsbergwerk in der Schweiz in Schleitheim bietet dir die einzigartige Möglichkeit, in die faszinierende Welt des Gipsabbaus im 18. und 19. Jahrhundert einzutauchen.;<p>Mit einer Gartenbahn f&auml;hrst du in den Stollen und erf&auml;hrst mehr &uuml;ber die harte Arbeit der Bergleute, die einst im Stollen arbeiteten.<br>Erlebe die beeindruckende Atmosph&auml;re unter Tagen!<br><br>Für deine Sicherheit und dein Wohlbefinden trage bitte griffiges Schuhwerk und entsprechende Kleidung (Temperatur im Stollen: ca. 10&deg;C).<br><br>Auf Wunsch arrangieren wir gerne einen Ap&eacute;ro (ab 8 Personen). Dieser findet im Stollen statt.</p><p>&nbsp;</p><ul><li><h6>Preis:</h6><ul><li><h6>CHF 380.00 bis 13 Personen</h6></li><li><h6>CHF 20.00 jede weitere Person</h6></li></ul></li><li><h6>Gruppengr&ouml;sse: max. 32 Personen pro Gruppe</h6></li><li><h6>Dauer: 1 h</h6></li><li><h6>Sprachen: Schweizerdeutsch, Deutsch</h6></li></ul>;8.4608604;47.7487102;Flüelistrasse 25;8226;Schleitheim;+41 52 632 40 10;erleben@schaffhauserland.ch;[{'@type': 'ImageObject', 'contentUrl': 'https://shltpimtsoch.sos-ch-dk-2.exoscale-cdn.com/catalog/c/7/3/6/c7369eafc70039d9f2136f6620b8406a975cc0dd_schleitheim_gipsstollen_gipsberwerk_september_spaetsommer_herbst_049.jpg'}];2026-05-26T12:55:19+02:00
631d1ef9-07f0-49b1-8586-15c507f2d26b;Wii-Donschtig;Von Mai bis September jeden dritten Donnerstag im Monat heisst es «Apérozeit im Visitor Centre».;<p>Geselligkeit und Genuss werden am Wii-Donschtig gross geschrieben. Geniesse von Mai bis September immer am dritten Donnerstag im Monat k&ouml;stliche Weine aus dem Schaffhauser Blauburgunderland, bunte H&uuml;lsen der Brauerei Falken und spritzige, alkoholfreie Traubens&auml;fte direkt vor dem Visitor Centre an der Vordergasse 73 in Schaffhausen. Die grossen Holztische auf der Gasse laden zum gem&uuml;tlichen Start in den Feierabend und zum geselligen Beisammensein ein. Die perfekte M&ouml;glichkeit, die Weine aus der Region kennenzulernen.</p>;8.634219;47.6962887;Vordergasse 73;8200;Schaffhausen;https://schaffhauserland.ch/blog/story/wii-donschtig-2c4b63d5-cb4c-4e71-b72f-080c4fd5c09a.html;[{'@type': 'ImageObject', 'contentUrl': 'https://shltpimtsoch.sos-ch-dk-2.exoscale-cdn.com/catalog/5/c/9/3/5c9397fa6c02b58690fb4880c6943c42ba7800ba_wii_donschtig_wein_visitor_centre_mai_fruehling__20_.jpg'}];2026-02-17T09:41:30+01:00
707949fc-c132-4d6c-8086-f030c05a127a;Pferdewagenfahrten;Geniesse eine nostalgische Pferdewagenfahrt durch den Hallauer Rebberg mit malerischen Ausblick aufs «Chläggi». ;<p>Fernab von Hektik geniesst du eine gem&uuml;tliche Pferdewagenfahrt durch die Reben. Lasse dich in der Region herumkutschieren und w&auml;hle den An- und Abfahrtsort frei nach deinen W&uuml;nschen. Auf Nachfrage k&ouml;nnen die Kutscher Wein und Mineralwasser auf dem Wagen anbieten.</p><p>&nbsp;</p><ul><li><h6>Preis: CHF 330.00</h6></li><li><h6>Gruppengr&ouml;sse: max. 14 Personen</h6></li><li><h6>Dauer: 1 h</h6></li><li><h6>Sprachen: Schweizerdeutsch, Deutsch</h6></li></ul>;8.471854570648006;47.71937805;Wilchingen / Hallau / Osterfingen / Schleitheim;+41 52 632 40 10;erleben@schaffhauserland.ch;[{'@type': 'ImageObject', 'contentUrl': 'https://shltpimtsoch.sos-ch-dk-2.exoscale-cdn.com/catalog/3/4/a/2/34a2ebf70bfef5e93ce6d344433a1e40d720ec88_pferdewagenfahrt_kutsche_september_spaetsommer_herbst_165.jpg'}];2026-05-04T12:02:03+02:00
99866a31-a53d-4f13-afe9-da08028a1c55;Führung mit dem Nüchilcher Turmwächter;Erlebe mit dem letzten Nüchilcher Turmwächter Heiri Buff und seiner Frau Klara Höhe- und Tiefpunkte aus der bewegten Vergangenheit.;<ul><li><h6>Preis:</h6><ul><li><h6>CHF 275.00 bis 14 Personen</h6></li><li><h6>CHF 375.00 15 bis 25 Peronen</h6></li></ul></li><li><h6>Dauer: 1 1/2 h</h6></li><li><h6>Sprachen: Schweizerdeutsch, Deutsch</h6></li></ul>;8.500982471997414;47.69036405;Vordergasse;8213;Neunkirch;+41 52 681 32 47;info@tourismus-neunkirch.ch;https://www.tourismus-neunkirch.ch;[{'@type': 'ImageObject', 'contentUrl': 'https://shltpimtsoch.sos-ch-dk-2.exoscale-cdn.com/catalog/b/6/1/1/b611ef2bac7f5dfcaa964e9823b7b5a8c9b57cf6_DSC_1084.JPG'}];2026-08-07T14:33:17+02:00
a5ae0f6d-38b1-4696-a2db-2da4f38b1f22;Saunamarathon Schaffhausen;Der Saunamarathon Schaffhausen ist ein jährliches Sauna- und Erlebnisfestival am Rhein. In der Altstadt und an besonderen Orten laden spezielle Saunen und Warmwasserbecken zu Genuss, Bewegung und Gemeinschaft ein – im Mittelpunkt steht das gemeinsame Erlebnis.;<p>Der <a href="https://saunamarathon.ch/">Saunamarathon Schaffhausen</a> ist ein einzigartiges j&auml;hrliches Sauna- und Erlebnisfestival in der Schweiz. Bei dieser Veranstaltung werden in der historischen Altstadt, am Rheinufer und an weiteren malerischen Orten zahlreiche Saunen und Warmwasserbecken aufgebaut. Die Teilnehmenden &ndash; allein, zu zweit oder im Team &ndash; besuchen innerhalb eines festgelegten Zeitrahmens so viele Standorte wie m&ouml;glich. Im Mittelpunkt stehen Geselligkeit, Genuss und gemeinsames Erleben, nicht der Wettbewerb. Erg&auml;nzt wird das Angebot durch stimmungsvolle Er&ouml;ffnungs- und Abschlussveranstaltungen, kulturelle Highlights sowie kulinarische und wellnessbezogene Programmpunkte. Der Saunamarathon verbindet Wellness, Bewegung und Gemeinschaft in der eindrucksvollen Kulisse von Schaffhausen am Rhein.</p>;8.648579120635988;47.694036185369356;Rheinhaldestrasse 16;8200;Schaffhausen;+41 76 727 10 11;manuel@saunamarathon.ch;https://saunamarathon.ch;[{'@type': 'ImageObject', 'contentUrl': 'https://shltpimtsoch.sos-ch-dk-2.exoscale-cdn.com/catalog/6/2/1/4/6214c6ed8c1895b37053bb07217ef65fba5dc408_586008158_122321170370003776_660680425544645064_n.jpg'}];2026-05-04T12:01:55+02:00
b0e5e784-9f90-4742-a31b-2013d8064171;Führung mit den Wöschwiibern;Auf dieser unterhaltsamen Gruppenführung sind Lacher garantiert. Begleite die Wöschwiiber auf einem Dorfrundgang durch Wilchingen.;<p class="MsoNormal">Die Wilchinger W&ouml;schwiiber sind Tratschtanten par excellence! Gestartet wird mit einem feinen Glas Wein und hausgemachtem Bauernbrot.&nbsp;</p><p class="MsoNormal">Anschliessend f&uuml;hrt dich ein waschechtes W&ouml;schwiib &ndash; wie anno 1767 &ndash; durch das Winzerdorf. Dabei erz&auml;hlt sie vergn&uuml;gt tratschend von den damaligen Zeiten. Auch weiss sie viel dar&uuml;ber zu berichten, was heute hinter vorgehaltener Hand &uuml;ber diesen und jenen geredet wird. Wie viel von diesem Klatsch und Tratsch der Wahrheit entspricht &hellip; nun das bleibt das Geheimnis der geschw&auml;tzigen W&ouml;schwiiber.<br><br>Alternativ kann die F&uuml;hrung ohne Ap&eacute;ro gebucht werden.&nbsp;</p><p class="MsoNormal">&nbsp;</p><ul><li class="MsoNormal"><h6>Preis:</h6><ul><li class="MsoNormal"><h6>CHF 420.00 bis 15 Personen</h6></li><li class="MsoNormal"><h6>CHF 580.00 16 bis 30 Personen</h6></li></ul></li><li class="MsoNormal"><h6>Gruppengr&ouml;sse: bis 30 Personen</h6></li><li class="MsoNormal"><h6>Dauer: 2 h</h6></li><li class="MsoNormal"><h6>Sprachen: Schweizerdeutsch, Deutsch</h6></li></ul>;8.469498753537838;47.666901076087974;8217;Wilchingen;+41 52 632 40 10;erleben@schaffhauserland.ch;[{'@type': 'ImageObject', 'contentUrl': 'https://shltpimtsoch.sos-ch-dk-2.exoscale-cdn.com/catalog/f/5/7/0/f570d7075d7f02aadb47d312780bbe0c9674e962_wilchingen_woeschwiiber_fuehrung_september_spaetsommer_112.jpg'}];2026-05-26T13:04:35+02:00
b5cc1e2f-d0f8-41a8-bda1-c07d286e554d;Schaffhauser Jazzfestival;Jedes Jahr im Mai wird Schaffhausen zur Schweizer Jazzhauptstadt.;<p>In f&uuml;nf Festivaltagen spielen Jazzgr&ouml;ssen aus der ganzen Schweiz in der Kammgarn, dem TapTab, dem Haberhaus und weiteren B&uuml;hnen. Streetjazz, Tanz und Workshops erg&auml;nzen die Konzerte und machen das Schaffhauser Jazzfestival zu einem Musikerlebnis der besonderen Art.&nbsp;</p>;8.634513;47.6960491;Walther-Bringolf-Platz 8;8200;Schaffhausen;+41 77 426 20 27;info@jazzfestival.ch;https://www.jazzfestival.ch/;[{'@type': 'ImageObject', 'contentUrl': 'https://shltpimtsoch.sos-ch-dk-2.exoscale-cdn.com/catalog/f/8/6/a/f86adbc7db21d6248c4d10220dce2c905dedb109_097A5343.jpg'}];2026-08-24T02:31:37+02:00
b797ef77-47e7-42ea-8fef-54c2d21bda07;Führung mit Becke Bertha;Entdecke die schönsten Häuser und Plätze in Neunkirch. Hier kennt sich die Beckersfrau «Becke Bertha» aus wie in ihrer eigenen Westentasche;<p>Sie zeigt dir auf fr&ouml;hliche, charmante Weise die baulichen H&ouml;hepunkte des mittelalterlichen St&auml;dtchens &ndash; ein ganz besonderes Erlebnis.&nbsp;</p><p>Du erfahrtst mehr zum Leben und den Besonderheiten der ehemaligen und heutigen Bewohner und Bewohnerinnen von Neunkirch. Eine unterhaltsame szenische F&uuml;hrung mit zahlreichen spannenden (und geheimen) Geschichten erwartet dich.</p><p>&nbsp;</p><ul><li><h6>Preis:</h6><ul><li><h6>CHF 250.00 bis 14 Personen</h6></li><li><h6>CHF 350.00 15 bis 25 Personen</h6></li></ul></li><li><h6>Dauer: 1 1/4 h</h6></li><li><h6>Sprachen: Schweizerdeutsch, Deutsch</h6></li></ul>;8.4987558;47.6902925;Vordergasse 32;8213;Neunkirch;+41 52 681 32 47;info@tourismus-neunkirch.ch;[{'@type': 'ImageObject', 'contentUrl': 'https://shltpimtsoch.sos-ch-dk-2.exoscale-cdn.com/catalog/8/4/c/1/84c17f2d164a0277d88cba6fbf97edafefa8337e_IMG_6287_PIM.jpg'}];2026-05-26T13:00:41+02:00
d859515c-8f2b-4721-b63d-49faed9b866f;Führung Hallauer Reben;Lasse dich durch die Welt der Reben und des Weins im Schaffhauser Blauburgunderland führen. Unter fachkundiger Leitung spazierst du auf gut begehbaren Wegen durch den Hallauer Rebberg und erfährst dabei viel Wissenswertes aus dem Reb- und Weinbau. ;<p>F&uuml;r die Herstellung von feinen Tropfen sind unz&auml;hlige Arbeitsschritte, viel Passion und Fachwissen notwendig. Was es genau braucht und wie die Kunst der Weinmachens funktioniert, wird dir auf dieser F&uuml;hrung vor Ort im Rebberg erkl&auml;rt. Nat&uuml;rlich darf auch ein Glas vom besten Hallauer Wein nicht fehlen.</p><p>&nbsp;</p><ul><li><h6>Preis: 180.00 inkl. 1 Glas Wein pro Person</h6></li><li><h6>Gruppengr&ouml;sse: max. 25 Persibeb</h6></li><li><h6>Dauer: 1 1/2 h</h6></li><li><h6>Sprachen: Schweizerdeutsch, Deutsch</h6></li></ul>;8.460547838551232;47.698328898502716;8215;Hallau;+41 52 632 40 10;erleben@schaffhauserland.ch;[{'@type': 'ImageObject', 'contentUrl': 'https://shltpimtsoch.sos-ch-dk-2.exoscale-cdn.com/catalog/6/0/8/8/6088f5280f73364c7d8cd8ddb40c7034be21872b_hallau_herbsten_trauben_blauburgunder_reben_september_herbst___3_.jpg'}];2026-05-26T13:04:51+02:00
e0e8e715-e772-40ee-98ab-b99c4dbc86b6;Explorial Schaffhausen;Erkundet die wunderschöne Stadt Schaffhausen in dieser selbst geführten Stadtführung und Schnitzeljagd. Erfahrt faszinierende Fakten über die Stadt, löst Rätsel und ganz wichtig: habt jede Menge Spass!;<p>Explorial ist die spassige Schnitzeljagd mit dem Smartphone. Entdecke die schöne Altstadt von Schaffhausen auf neuartige Weise und löse interessante Rätsel. Dieses Team Abenteuer ist für kleinere und grössere Gruppen geeignet und biete jede Menge Spass!</p><p></p><p><strong>Für Gruppen</strong></p><p>Startpunkt: Fronwagplatz, 8200 Schaffhausen</p><p>Daten: Das Spiel ist jederzeit ab zwei Personen durchführbar</p><p>Dauer: ca. 1.5 - 2 Stunden (Ihr seid in der zeitlichen Gestaltung frei)</p><p>Preis: Pro Spieler: CHF 14.00 (Empfohlenes Mindestalter für Kinder ist 10 Jahre.)</p><p>Sprachen: Deutsch, Englisch</p><p>Hinweis: Um Explorial zu spielen, wird ein Smartphone mit aktiver Internetverbindung benötigt.</p><p>Sonstiges: Ihr seid ohne Guide unterwegs.</p><p>Highlights:</p><ul><li>Löst interessante Rätsel, habt jede Menge Spass und entdeckt die schönsten Sehenswürdigkeiten von Schaffhausen</li><li>Entdeckt die Orte: Haus zum Ritter, Schillerglocke / Kräutergarten und viele weitere interessante Plätze</li><li>Erkundet die Stadt in eurem eigenen Tempo</li><li>Die perfekte Mischung aus Stadtrundgang, Sightseeing und Schnitzeljagd</li><li>Geeignet für Familien und Freundeskreise, Schulklassen, sowie Team- und Betriebsausflüge</li></ul>;8.633465163358007;47.69695835;Fronwagplatz;8200;Schaffhausen;+41 31 539 15 75;info@explorial.ch;https://explorial.ch/trails/stadttour-schaffhausen-1/;[{'@type': 'ImageObject', 'contentUrl': 'https://shltpimtsoch.sos-ch-dk-2.exoscale-cdn.com/catalog/e/7/e/b/e7ebdb0a56608c58678812d66f0c85f8be0eb4a3_explorial_schaffhausen_app.png'}];2026-05-04T12:01:45+02:00
e24910b6-fb08-4e54-bca0-f93dd494235d;Führung «Europas grösster Wasserfall»;Auf der geführten Rheinfall Tour erfährst du alles zum grössten Wasserfall Europas.;<p>Die tobende Gischt, die nach unten st&uuml;rzenden Wassermengen sowie die geballte Kraft des Wassers machen den Rheinfall seit rund 15'000 Jahren zu einem spektakul&auml;ren Naturereignis.</p><p>Wie entstand der heutige Rheinfall, wie kommen die Fische mit diesem Unterbruch des Rheins klar und was f&uuml;r eine Bedeutung hat die Wasserkraft f&uuml;r die Industrie? Diese und viele weitere interessante Informationen erz&auml;hlen dir Guides auf dieser spannenden Rheinfall Tour.</p><p>&nbsp;</p><ul><li><h6>Preis: CHF 210.00</h6></li><li><h6>Gruppengr&ouml;sse: max. 25 Personen pro Gruppe</h6></li><li><h6>Dauer: 1 h</h6></li><li><h6>Sprachen: Schweizerdeutsch, Deutsch, Englisch, Franz&ouml;sisch, Italienisch, Spanisch</h6></li></ul>;8.61129641532862;47.678247102017565;Rheinfallquai;8212;Neuhausen am Rheinfall;+41 52 632 40 20;info@schaffhauserland.ch;[{'@type': 'ImageObject', 'contentUrl': 'https://shltpimtsoch.sos-ch-dk-2.exoscale-cdn.com/catalog/7/d/0/6/7d06e5d109a72c5a091f58e4665b1095868b179b_rheinfall_rheinfallfuehrung_fuehrung_august_sommer__1_.jpg'}];2026-08-28T09:42:38+02:00
