id;name;disambiguatingDescription;description;longitude;latitude;streetAddress;postalCode;addressLocality;telephone;email;url;image;dateModified175fb35f-c932-42bc-b979-885e89f1dfc6;Beckenstube;Historisches Verwaltungsgebäude mit Ursprüngen im 13. Jahrhundert.;<p>Das Geb&auml;ude diente im 13. Jahrhundert als Amtsgeb&auml;ude der Augustinerpropstei &Ouml;hningen. 1412 wurde es von der Zunft zun Becken erworben. Heute wird es als Verwaltungsgeb&auml;ude genutzt.</p>;8.634490695330898;47.695583239548284;Beckenstube 3;8200;Schaffhausen;[{'@type': 'ImageObject', 'contentUrl': 'https://shltpimtsoch.sos-ch-dk-2.exoscale-cdn.com/catalog/b/c/9/6/bc969fedeca76bd0be77dc970f10541ca5ce16da_sh_beckenstube_haus_juli_sommer__3____Kopie.jpeg'}];2026-06-30T13:29:02+02:00
1ddded46-1e2b-4e26-a919-ebee46aa3d13;Haus zum Einhorn;Hier befand sich die Apotheke von Johann Conrad Laffon, dem letzten männlichen Nachfahren der einzigen Hugenottenfamilie, die in Schaffhausen bleiben durfte.;<p>Die Fl&uuml;chtlinge wurden auf der Durchreise medizinisch versorgt: Apotheker, Barbiere und Chirurgen waren besch&auml;ftigt, Fieber zu senken, abgefrorene Zehen zu amputieren oder nach &Uuml;berf&auml;llen gar Sch&auml;delverletzungen zu behandeln. Auch die Totengr&auml;ber hatten viel Arbeit.</p>;8.633713;47.6965965;Fronwagplatz 8;8200;Schaffhausen;[{'@type': 'ImageObject', 'contentUrl': 'https://shltpimtsoch.sos-ch-dk-2.exoscale-cdn.com/catalog/a/2/6/7/a2677efee9860f121209b7be0374d93c2b401bc7_haus_zum_einhorn_sh__3_.JPG'}];2026-06-30T13:29:25+02:00
27f7fe2f-14ed-4d4f-87bf-bd284ba258d3;Fronwagturm;Der Fronwagturm ist ein historischer Stadtturm in Schaffhausen mit einer eindrücklichen astronomischen Uhr aus dem 16. Jahrhundert.;<p>Im Fronwagturm hing fr&uuml;her die grosse Marktwaage, mit welcher die G&uuml;ter - die in Schaffhausen aus dem Schiff ausgeladen und unterhalb des Rheinfalls wieder auf die Schiffe geladen wurden - gewogen wurden. Die Waage steht heute im Museum zu Allerheiligen. Im Giebelfeld des Turmes sieht man die astronomische Uhr von Joachim Habrecht, welche zehn verschiedene M&ouml;glichkeiten anzeigt:</p><ol><li>Stunden</li><li>Wochentage</li><li>Mondlauf durch die Sternzeichen</li><li>Auf- und Absteigen des Mondes am Himmel</li><li>Stand der Sonne zum Zodiac (Tierkreis)</li><li>Jahreszeiten</li><li>Tag- und Nachtgleichen</li><li>Mondknoten</li><li>Finsternisse</li><li>Aspekte zwischen Sonne und Mond. Die schwarz-goldene Kugel &uuml;ber der r&ouml;mischen XII der Uhr zeigt das Ab- und Zunehmen des Mondes.</li></ol>;8.633338617187498;47.69637295;Fronwagplatz 4;8200;Schaffhausen;[{'@type': 'ImageObject', 'contentUrl': 'https://shltpimtsoch.sos-ch-dk-2.exoscale-cdn.com/catalog/b/e/5/7/be575f62242b3a555f809b50d2128160e1ca7046_sh_fronwagturm_oktober_herbst__1_.jpg'}];2026-05-15T05:14:58+02:00
30d491d9-7ec9-4066-8803-0d39224cab1a;Kreuzgang Allerheiligen;Der Kreuzgang zu Allerheiligen ist der grösste Kreuzgang der Schweiz und umschliesst einen stillen, historischen Garten mitten in der Altstadt von Schaffhausen.;<p data-start="487" data-end="689">Der Kreuzgang zu Allerheiligen stammt aus dem 12. und 13. Jahrhundert und vereint romanische und gotische Bauelemente. Er umschliesst den idyllischen Kreuzganggarten, den sogenannten &laquo;Junkerfriedhof&raquo;.</p><p data-start="691" data-end="949">Hier wurden zwischen 1582 und 1874 bedeutende Schaffhauser Pers&ouml;nlichkeiten wie B&uuml;rgermeister, Ratsherren, Pfarrer sowie weitere verdiente B&uuml;rgerinnen und B&uuml;rger beigesetzt. Der Kreuzgang ist heute ein eindr&uuml;cklicher Ort der Ruhe, Geschichte und Architektur.</p>;8.636229064365772;47.69494555;Klosterstrasse 19;8200;Schaffhausen;[{'@type': 'ImageObject', 'contentUrl': 'https://shltpimtsoch.sos-ch-dk-2.exoscale-cdn.com/catalog/3/5/4/6/3546ed3084ed7f17332124fb18e41a866bd12100_sh_kreuzgang_allerheiligen_juni_sommer__1_.jpeg'}];2026-04-24T01:26:04+02:00
31a40f0b-b2b9-4650-bff6-140746be5d50;Steinerner Trauben;Repräsentatives Wohn- und Handelshaus aus dem frühen 17. Jahrhundert mit Steinerker und historischer Fassadenmalerei.;<p>Das repr&auml;sentative Wohn- und Handelshaus stammt aus dem fr&uuml;hen 17. Jahrhundert. Das Erdgeschoss war urspr&uuml;nglich als offene Halle gestaltet. Ein viereckiger Steinerker aus dem Jahr 1668 sowie die bemalte Dachuntersicht von 1720 mit zwei schwer beladenen Kaufmannsfuhren pr&auml;gen das Geb&auml;ude. Die Fassadenmalerei von C. Schmidt aus der Zeit um 1900 zeigt Josua und Kaleb mit einer Traube aus dem Land, wo Milch und Honig fliessen, und spielt auf den Wohlstand des fr&uuml;heren Hausherrn sowie den Hausnamen an. Im Innern sind reichhaltige Stuckaturen erhalten.</p>;8.859115225656574;47.6592971;Rathausplatz 11;8260;Stein am Rhein;[{'@type': 'ImageObject', 'contentUrl': 'https://shltpimtsoch.sos-ch-dk-2.exoscale-cdn.com/catalog/b/f/0/6/bf06a2c367ee8fbb8fa1594e4fc0bfd476693234_steinamrhein_rathausplatz_fassadenmalereien_juli_sommer__2_.jpeg'}];2026-06-30T13:35:18+02:00
370d5d0f-0d03-438f-b1e1-fc65bee284e2;Schwarzes Horn;Das Haus zum Schwarzen Horn zählt zu den schönsten historischen Gebäuden in Stein am Rhein. Direkt am Rathausplatz gelegen, ist es ein wahres Schmuckstück der Altstadt.;<p><span data-teams="true">Stattlicher Eckbau aus dem 15. Jahrhundert. 1515 wurden dem dreigeschossigen Steinbau zwei vorkragende Fachwerkgeschosse aufgesetzt. Auffallend ist das zierliche Steinerkerchen. Das Haus ist das Geburtshaus von Johann Rudolf Schmid, Freiherr von Schwarzenhorn, der 1629&ndash;1643 als kaiserlicher Resident beim t&uuml;rkischen Sultan t&auml;tig war. 1914 wurde die Fassade mit der Darstellung seines Einzugs 1664 in Stein am Rhein bemalt.</span></p>;8.858992760909786;47.65950915;Rathausplatz 17;8260;Stein am Rhein;[{'@type': 'ImageObject', 'contentUrl': 'https://shltpimtsoch.sos-ch-dk-2.exoscale-cdn.com/catalog/c/c/c/1/ccc1d4449978bbb012a693b4fc40e5ea2b11052b_steinamrhein_juni_2022__3_.jpeg'}];2026-05-14T23:55:03+02:00
3bf4ea53-5f5f-47fa-92e2-17081ae5228d;Holländerhaus;Das geschichtsträchtige Riegelhaus ist eines der schönsten Häuser im Kanton Schaffhausen. ;<p>1684 kaufte Tobias Holl&auml;nder den &laquo;Hof zu Hova&raquo; und errichtete dort seinen Adelssitz, das ber&uuml;hmte Holl&auml;nderhaus. Neben dem Haus steht die Kaserne, worin er standesgem&auml;ss seine Leibgarde beherbergte. Tobias Holl&auml;nder war im Stadtrat Schaffhausen der einflussreichste Mann seiner Zeit.</p>;8.67569014686288;47.782092649999996;Oberhof 22;8242;Hofen;[{'@type': 'ImageObject', 'contentUrl': 'https://shltpimtsoch.sos-ch-dk-2.exoscale-cdn.com/catalog/e/6/9/5/e6959c5c4b5512c0b649bd02e23ce32a6fc234bc_hofen_hollaenderhaus_haus_dorf_oktober_herbst__3_.jpg'}];2026-05-14T16:13:30+02:00
44235085-3bad-4212-b814-f3d9369f5411;Schwabentor;Das Schwabentor in der Schaffhauser Altstadt wurde 1361 erstmals als "Neuturm" urkundlich erwähnt. Es bildete gegen die Schwaben den Nordabschluss der mittelalterlichen Stadtbefestigung. ;<p>Heute gelangt man durch das Schwabentor in die Vorstadt. Auf der westlichen Seite des Schwabentors ist noch ein St&uuml;ck der alten Stadtmauer mit Wehrgang und dem Finsterwaldturm als Eckturm erhalten geblieben. Weit &uuml;ber Schaffhausen hinaus bekannt wurde der Spruch des Kunstmalers Arnold Oechslin, welcher seit 1935 am Schlussstein des n&ouml;rdlichen Torbogens prangt: "Lappi tue d'Auge uf". Der Stadtrat hat den Entwurf aus vier Vorschl&auml;gen ausgew&auml;hlt. Zwischen dem Spruch und dem Schwabentor besteht kein geschichtlicher Zusammenhang.</p>;8.635424802483394;47.69969825;Vorstadt 3;8200;Schaffhausen;[{'@type': 'ImageObject', 'contentUrl': 'https://shltpimtsoch.sos-ch-dk-2.exoscale-cdn.com/catalog/3/d/5/c/3d5ce7aa3bcf3fc812348a640be0b0942fa491c6_sh_schwanbentor_turm_september_spaetsommer__3_.jpeg'}];2026-05-15T06:34:06+02:00
450c2f22-606b-4411-bc8e-e73b1b1d8123;Schillerglocke;Die 4,5 Tonnen schwere Schillerglocke wurde 1486 gegossen und läutete bis 1895 als grösste Glocke des Münsters zu Allerheiligen. ;<p>Friedrich Schiller verwendete ihre Inschrift als Motto f&uuml;r sein ber&uuml;hmtes Gedicht &laquo;Das Lied der Glocke&raquo;.</p>;8.6365799;47.695058;Klosterstrasse 19;8200;Schaffhausen;[{'@type': 'ImageObject', 'contentUrl': 'https://shltpimtsoch.sos-ch-dk-2.exoscale-cdn.com/catalog/9/d/b/b/9dbb9da7ab7d078b6b09aaf68310e5d513d66d25_sh_schillerglocke_fruehling_april__5_.jpeg'}];2026-03-10T12:16:11+01:00
4b5a72dd-ae1a-42ca-9d86-7ab6309ef2d5;Schleitheimer Dorfbach;Der Dorfkern reizt mit seinen Fachwerkhäusern und wird dazu vom Dorfbach geprägt, der mitten durch Schleitheim fliesst.;<p>Im Sommer wird der Dorfbach mit Geranien und in der Adventszeit mit Christb&auml;umen geschm&uuml;ckt.</p>;8.4822673;47.7481907;8226;Schleitheim;[{'@type': 'ImageObject', 'contentUrl': 'https://shltpimtsoch.sos-ch-dk-2.exoscale-cdn.com/catalog/0/e/b/b/0ebb89ac3fed8e29f0f1a5429da1c788028fde2d_schleitheim_dorfbach_dorf_bach_oktober_herbst__1_.jpg'}];2026-06-30T13:28:08+02:00
546bac57-e8fc-45ea-804a-539c3060a663;Sonne;Historisches Wohn- und Gasthaus mit Fachwerk, Holzerker und Fassadenmalerei.;<p>Das Geb&auml;ude wurde erstmals 1448 erw&auml;hnt. Der auskragende Fachwerkaufbau stammt aus dem Jahr 1659. Urspr&uuml;nglich als Wohnhaus genutzt, diente es ab 1512 auch als Gast- und Wirtshaus. Auff&auml;llig sind der massive Holzerker ohne Untersatz sowie die Fassadenmalerei von C. Schmidt aus der Zeit um 1900, die die Begegnung zwischen Alexander dem Grossen und Diogenes (&laquo;Geh mir aus der Sonne&raquo;) zeigt und auf den Hausnamen anspielt. Im Innern sind eine gotische Balkendecke im ersten Obergeschoss sowie eine Rokoko-T&auml;felung im zweiten Obergeschoss erhalten.</p>;8.859016181828192;47.65933465;Rathausplatz 13;8260;Stein am Rhein;[{'@type': 'ImageObject', 'contentUrl': 'https://shltpimtsoch.sos-ch-dk-2.exoscale-cdn.com/catalog/a/4/0/3/a40317636b2c1670b1a283b7984656f0d93c9f24_steinamrhein_rathausplatz_fassadenmalereien_juli_sommer__1_.jpeg'}];2026-07-01T23:06:35+02:00
5f6dfdb8-157e-430c-88b7-cb3206b894fa;Untertor;Das Untertor markiert die Altstadt von Stein am Rhein und zählt zu den eindrucksvollsten Stadttoren der Region. Mit seinem markanten Turm und den gut erhaltenen Mauern erinnert es an die bewegte Geschichte der Stadt.;<p><span data-teams="true">Der Turm, auch Zeitturm genannt, wurde erstmals 1367 erw&auml;hnt und bewachte die wichtige Verkehrsstrasse zum Hegau. Wie alle Stadttore erhielt er 1520 einen zwingerartigen Vorbau mit Fallt&uuml;r. Bei der Bombardierung 1945 wurde er zerst&ouml;rt und anschliessend originalgetreu wieder aufgebaut.</span></p>;8.85772405257506;47.66084565;Undertor 1;8260;Stein am Rhein;[{'@type': 'ImageObject', 'contentUrl': 'https://shltpimtsoch.sos-ch-dk-2.exoscale-cdn.com/catalog/4/2/9/8/42985ac9ab8d21f8fd368b524a274a964a7f334e_steinamrhein_untertor_fruehling_mai.jpg'}];2026-05-14T23:54:46+02:00
692de842-1388-40aa-ace5-14de82b680ca;Fronhof;Der Fronhof wurde erstmals 1398 erwähnt, mit markanten Riegelbauten.;<p>Ersterwähnung 1398. Hier brach 1668 wegen einer im Bett pfeifenrauchenden alten Frau ein Brand aus, der sieben Häuser zerstörte. Kecker, gewinkelt vorkragender Riegelbau.</p>;8.858887080150886;47.66097725;Fronhof;8260;Stein am Rhein;[{'@type': 'ImageObject', 'contentUrl': 'https://shltpimtsoch.sos-ch-dk-2.exoscale-cdn.com/catalog/8/c/1/c/8c1cdadd0816d3db26e87838bde5145e86626ca9_steinamrhein_fronhof_fruehling_mai.jpg'}];2026-07-01T23:06:31+02:00
6c263c8f-e0d6-4f6a-9f7c-874f976b244c;Haus zum Ritter;Das Haus zum Ritter ist eines von drei noch erhaltenen bemalten Häusern in der Stadt Schaffhausen. ;<p>Fr&uuml;her gab es etwa zehn solch bemalte H&auml;user - ein bemaltes Haus war Zeichen von Wohlstand. Der Ritter ist eines der sch&ouml;nsten H&auml;user der Stadt und die Malereien gelten als die bedeutendsten Renaissancefresken n&ouml;rdlich der Alpen. Urspr&uuml;nglich waren es zwei H&auml;user. Dies wird sichtbar, wenn man die linke Haush&auml;lfte mit der rechten Haush&auml;lfte vergleicht. Die Fenster sind asymmetrisch angeordnet und ungleich gross. Umgebaut 1566 durch Ritter Hans von Waldkirch, der 1568/70 die Fassadenbemalung von dem ber&uuml;hmten Schaffhauser Maler Tobias Stimmer ausf&uuml;hren liess. Originalfresken 1938/39 und 1943 von Carl Roesch, Diessenhofen, im Sinn und Geist von Tobias Stimmer meisterhaft neu erstellt.</p>;8.634899207145345;47.6962072;Vordergasse 65;8200;Schaffhausen;[{'@type': 'ImageObject', 'contentUrl': 'https://shltpimtsoch.sos-ch-dk-2.exoscale-cdn.com/catalog/5/7/c/7/57c7aed351ec8fb541fdb04dcbb649e01afa5302_sh_haus_zum_ritter_fassade_fassadenmalerei_juni_sommer.jpg'}];2026-06-19T01:06:53+02:00
7b4754e3-1442-44cd-8212-60c5d7eddbf5;Hexenturm;Auch Diebesturm genannt.;<p>Der Turm wurde im 14. Jahrhundert errichtet und war<strong>&nbsp;</strong>damals ein Eckturm der Stadtmauer. Sp&auml;ter wurde er zu einem Verlies umfunktioniert. Der Zinnenkranz wurde zu einer Fensterreihe umgebaut, und der Turm bekam ein Dach. Der Eingang an der Nordseite lag f&uuml;nf Meter &uuml;ber dem Boden.</p><p>Der erste nachweisbare Hexenprozess in Stein am Rhein datiert auf das Jahr 1512 gegen Anna Beringer. Als letzte Hexe wurde in Stein am Rhein Katharina Albrecht im Jahr 1667 hingerichtet. Der Hexenglaube hielt jedoch noch lange an. Im Jahr 1783 stellte der Rat eine Untersuchung gegen vier M&auml;nner an, die wegen Zauberei und Hexerei verd&auml;chtigt, jedoch freigesprochen wurden. Insgesamt waren es 17 Personen, die in Stein am Rhein der Hexerei beschuldigt und hingerichtet wurden.</p><p>Bis um 1800 wurde der Turm als Gef&auml;ngnis genutzt.</p>;8.856827000662875;47.660413750000004;Choligass 12 (Bei der Schifflände);8260;Stein am Rhein;[{'@type': 'ImageObject', 'contentUrl': 'https://shltpimtsoch.sos-ch-dk-2.exoscale-cdn.com/catalog/4/8/f/2/48f227ff25dd7963ef080253e9fd7a955b4cb366_steinamrhein_hexenturm_fruehling_mai__1_.jpg'}];2026-05-15T06:04:09+02:00
812c6228-58ef-4c44-8d93-8d9ae594ccda;Rheinfall;Der Rheinfall bietet ein grandiose Schauspiel des grössten Wasserfalls Europas.;<p>Vor 17'000 Jahren entstand das imposante Naturschauspiel und wurde zum Hauptanziehungspunkt f&uuml;r unz&auml;hlige Besucher aus aller Welt. Auf einer Breite von 150 m st&uuml;rzen jede Sekunde 700'000 Liter Wasser tosend &uuml;ber eine Klippe von 23 m H&ouml;he. Das Besteigen des Felsens geh&ouml;rt mit der Bootsfahrt im Rheinfallbecken zu den unvergesslichen Erlebnissen eines jeden Besuchers.</p>;8.6153284;47.6778348;Rheinfallquai;8212;Neuhausen am Rheinfall;info@rheinfall.ch;http://www.rheinfall.ch/;[{'@type': 'ImageObject', 'contentUrl': 'https://shltpimtsoch.sos-ch-dk-2.exoscale-cdn.com/catalog/3/e/b/8/3eb8654d7263510ef37a24f4f1e4585e4937f28f_Rheinfall_M__hleradhaus_Mittelfelsen_SchlossLaufen_Juli.jpg'}];2026-05-13T13:00:42+02:00
82d07b7c-3b6e-4364-b57f-bd60cdc0c42a;THOMIS Schoggikreationen Manufaktur;THOMIS Schoggi Kreationen aus Schaffhausen mit dem gewissen Etwas...
mit Regionalen Zutaten, in der Region von Hand produziert.
Passt zu jedem Anlass. (auch Personalisiert) Eine Gaumenfreude mit Geschmacks- Explosionen machen Glücklich, das ganze Jahr...
Einfach himmlisch gut!;<p>Alle Schoggi Spezialit&auml;ten sind Eigenkreationen mit Liebe zum Detail handgemachte Pralines &amp; Truff&eacute;s und Schaffhauser Spezialit&auml;t, die Original <strong>Munot Spatzen</strong>, wie aus den 80iger Jahren.</p><p><strong>Jedes Truff&eacute;s und jeder Munot Spatz ist ein Unikat.</strong></p><p>Bei mir werden <strong>keine</strong> k&uuml;nstlichen Konservierungsstoffe und zus&auml;tzlichen Butter und Zucker dazugegeben. Ausser es enthalten bereits in den Rohstoffen enthaltene Stoffe. Das Rohmaterial wird immer frisch nach M&ouml;glichkeit <strong>aus der Region</strong> oder aus der Schweiz verwendet. Die Schokolade ist aus bester Edler Schweizer Grand Cru Couverture wie auch die Lik&ouml;re &amp; Spirituosen sind ausschliesslich mit edlen Marken aus der Schweiz &amp; aus Regionalen Eigenbr&auml;nden von der Distillerie Zimmerli Hans Zimmerli, 8215 Hallau hergestellt. Damit die Frische aller Produkte garantiert ist werden immer nur kleinere Mengen hergestellt. Alle Schoggi Kreationen sind Naturbelassene Produkte und haben somit eine begrenzte Haltbarkeit. Ich habe keinen Verkaufsladen. Meine Schoggi-Spezialit&auml;ten k&ouml;nnen Sie bei meinen Gesch&auml;ftspartnern in Ihren Verkaufsl&auml;den kaufen. (Sehen Sie auf der R&uuml;ckseite vom Flyer in der Beilage unter Gesch&auml;ftspartner &amp; Empfehlungen oder auf Instagram: @thomisschoggikreationen) Die Produkte werden auch direkt von mir an den Kunden ausgeliefert oder auf Wunsch bei k&uuml;hleren Tagen (bis 15&deg;-18&deg;C) in der ganzen Schweiz per Post versendet. Auf Wunsch und Voranmeldung k&ouml;nnen die Kreationen bei mir direkt in der Produktion auch abgeholt werden. Meine Gesch&auml;ftspartner und ich, THOMIS Schoggikreationen Manufaktur freuen sich auf Ihren Besuch und Einkauf. Bis Bald Ihre THOMIS Schoggikreationen Manufaktur aus Schaffhausen mit dem gewissen Etwas...</p><p>NEU auch auf Instagram: @thomisschoggikreationen</p>;8.645208632060285;47.71543615;Steingutstrasse 32;8200;Schaffhausen;+41 76 340 69 88;thomisschoggikreationen@bluewin.ch;https://www.schoggitraumkreationen.ch;[{'@type': 'ImageObject', 'contentUrl': 'https://shltpimtsoch.sos-ch-dk-2.exoscale-cdn.com/catalog/9/9/7/b/997b2560299ad68223877276f01f76e7e0c97735_A261CCB6_1B61_41F9_B795_94D34D6BA12F.jpeg'}];2026-04-20T10:40:26+02:00
84051462-0548-4390-aee6-3ab283be9e87;Bürgerasyl;Das Bürgerasyl ist ein historisches Gebäude in der Altstadt von Stein am Rhein und zeugt von der sozialen Fürsorge vergangener Jahrhunderte.;<p>Das Klosterspital entstand vermutlich im 13. Jahrhundert. Im Zuge des politischen Wandels ging das Spital 1476 an die Stadt &uuml;ber und wurde in der Folge stark ausgebaut. Das ehemalige Spital zum Heiligen Geist umfasst f&uuml;nf um einen Hof gruppierte Geb&auml;ude, die die historische Entwicklung vom mittelalterlichen Klosterspital &uuml;ber das st&auml;dtische Spital bis hin zum Armen- und Waisenhaus widerspiegeln.</p><p>Die Geb&auml;ude wurden von 1999 bis 2002 unter gr&ouml;sstm&ouml;glicher Erhaltung der originalen Bausubstanz und mit viel Geschmack restauriert. Heute beherbergen sie stilvolle Sitzungs- und Veranstaltungsr&auml;ume f&uuml;r die Stadt und die &Ouml;ffentlichkeit, die zur Vermietung frei stehen. Zudem befinden sich hier das Stadtarchiv, rollstuhlg&auml;ngige Wohnungen sowie das Tourist Office.</p>;8.8598389;47.6593933;Oberstadt 3;8260;Stein am Rhein;[{'@type': 'ImageObject', 'contentUrl': 'https://shltpimtsoch.sos-ch-dk-2.exoscale-cdn.com/catalog/6/d/4/d/6d4ddb83594ed7b5f087e4fa3cf2f1ba9480ba8e_steinamrhein_buergerasyl_gasse_fassaden_juli_sommer.jpeg'}];2026-05-29T22:26:08+02:00
9139acaa-0f15-4482-b6ce-a30c96766ad4;Velosafari;Kurzferien mit dem Velocamper.;<div>Starten Sie Ihre nächste Veloreise und haben Sie Ihr Bett stets dabei. Mit dem Velocamper ist genau das der Fall. Denn im eigens dafür konstruierten Cargo E-Bike mit integriertem Zeltaufbau sind Sie bestens ausgerüstet für eine abenteuerliche Reise durch die Ostschweiz. Erleben Sie eine unvergessliche Velotour, vorbei an schier endlosen Rebhängen, malerischen Landschaften und schmucken Dörfern.</div><div><br></div><div>Dabei kann gewählt werden zwischen einer Tour im Schaffhauserland oder dem Thurgau.</div>

Die Velosafari ist zwischen Mai und September buchbar.;8.502173423760137;47.702187968441685;[{'@type': 'ImageObject', 'contentUrl': 'https://shltpimtsoch.sos-ch-dk-2.exoscale-cdn.com/catalog/1/0/5/e/105e5413fcebc43ee639fcf493b78146f07fc463_osterfingen_velosafari_fahrrad_september_herbst_spaetsommer__3_.jpg'}];2026-08-24T02:35:47+02:00
91fb6a10-e065-4950-9306-0dd37fcd68bd;Engeweiher;Am Engeweiher befindet sich ein gedeckter Sitzplatz mit einer Grillstelle und einem Kinderspielplatz. Das Gebiet rund um den Schaffhauser Weiher wird heute oft für diverse Freizeitvergnügen wie Spazieren oder Joggen genutzt.;<p>Der k&uuml;nstlich angelegte Weiher war 1907 das erste Pumpspeicherwerk der Schweiz und wurde dazumal praktisch in Handarbeit angelegt.&nbsp;</p>;8.607368046406954;47.70217825;Engewaldweg;8200;Schaffhausen;[{'@type': 'ImageObject', 'contentUrl': 'https://shltpimtsoch.sos-ch-dk-2.exoscale-cdn.com/catalog/b/1/f/4/b1f4f1ff58b10345a7e4ad4f3d465b5c9503f2d9_sh_engeweiher_vonoben_juli_sommer__21_.jpeg'}];2026-07-26T23:16:50+02:00
93033809-b46e-4b8a-bc70-d305182c1c84;Vordere Krone;Imposantes Wohn- und Kaufmannshaus aus dem 14. Jahrhundert mit Krüppelwalm, Holzerker und barocker Fassadenmalerei.;<p>Das imposante Wohn- und Kaufmannshaus stammt aus dem 14. Jahrhundert. Charakteristisch sind der ungew&ouml;hnlich weit vortretende Kr&uuml;ppelwalm und die typische Aufzugst&uuml;r. Zwischen 1613 und 1615 wurde das Geb&auml;ude umfassend umgebaut und durch ein stattliches Hinterhaus erweitert. Der Holzerker mit drei Wasserspeiern stammt aus dem Jahr 1707. Erhalten sind zudem eine reich ausgestattete Innenausstattung mit Bemalungen sowie die sp&auml;tbarocke Aussenbemalung von 1734 mit Allegorien und Ornamenten.</p>;8.859179832829088;47.6591526;Rathausplatz 7;8260;Stein am Rhein;[{'@type': 'ImageObject', 'contentUrl': 'https://shltpimtsoch.sos-ch-dk-2.exoscale-cdn.com/catalog/9/b/8/e/9b8ea1eb6e6c165663d024ad195d70675f39ba46_steinamrhein_altstadt_fassaden_fassadenmalereien_november_spaetherbst__1_.jpeg'}];2026-07-01T23:06:33+02:00
a938770f-eafe-4cc4-8d95-b57c0b3c0454;Übernachten im Zirkuswagen;Zirkuswagen im Naturpark Schaffhausen im Blauburgunderland steht   idyllisch an einem Biotop;Übernachten in einer Zirkus Atmosphäre

Schlafen Sie im Zirkuswagen mitten im Naturpark Schaffhausen und Blauburgunderland direkt neben dem Biotop unter alten Apfelbäumen. Geniessen Sie ein schönes Ambiente auf der Sonnenterrasse oder veranstalten Sie einen Grillplausch auf dem Grillplatz. Für Kinder gibt es einen Spielplatz zum Austoben. 

Der Zirkuswagen ist mit einem grossen Doppelbett und einem Etagebett für zwei Personen ausgestattet. Es hat ein Bad inkl. Dusche und eine kleine Küche mit Kühlschrank. Der Wagen kann kalten Tagen gekühlt und in warmen Tagen beheizt werden. Buchen Sie Ihre Übernachtung mit Zirkus Atmosphäre in jeder Jahreszeit!;8.432328658312628;47.6674485;Undergass 3;8219;Trasadingen;052 503 98 96;karl.zimmermann@hotmail.ch;[{'@type': 'ImageObject', 'contentUrl': 'https://shltpimtsoch.sos-ch-dk-2.exoscale-cdn.com/catalog/1/7/0/b/170b7ee74ccaee35b24e02ecd58c2f7837ed056c_Zirkuswagen_8_f1ab2afe.jpg'}];2026-08-24T02:36:42+02:00
adcf369c-2aaf-4d1f-a675-80d97c1e51a3;Weisser Adler; Wegen seiner Fresken, die als früheste erhaltene Fassadenmalerei der Renaissance in der Schweiz gelten, nimmt das Haus eine Sonderstellung ein. ;<p>Wurde 1418 erstmals erw&auml;hnt. Bemalung um 1520 von Thomas Schmid. Mittelalterliche Motive wie Bocca della Verit&agrave;, Treueprobe, Macht und Einigkeit; dazu Szenen aus Boccaccios Decamerone. Die Fresken zeigen eine Art "humanistische Laienpredigt". Heute ist das Haus im Besitz der Zunft zum Kleeblatt.</p>;8.859654;47.6594624;Oberstadt 1;8260;Stein am Rhein;[{'@type': 'ImageObject', 'contentUrl': 'https://shltpimtsoch.sos-ch-dk-2.exoscale-cdn.com/catalog/d/5/6/6/d5662104e2bef2f00b00a51c04c517f4348ff0d4_steinamrhein_altstadt_haus_weisser_adler__2_.jpeg'}];2026-06-30T22:19:31+02:00
b70f824c-9c8d-430a-a836-cb508e5a7d22;Kutschenfahrten Vogelsanger;Mit unseren Kutschen und dem noblen Landauer fahren wir für Jubilare, Geburtstage, Hochzeiten und für alle die eine schöne Auszeit suchen. Für Familienausflüge oder Ausfahrten mit Freunden etc. sind die Kutschen mit einem Tisch ausgestattet.;<p>Fahrten durch den Naturpark Klettgaue sind immer ein sch&ouml;nes Erlebnis.&nbsp;<br>Eine kleine Reise durch die Reben zum Fasshotel in Trasadingen?<br>Immer sehr beliebt ist die Hallauer Weinstrasse, mit herrlicher Sicht auf den Klettgau.<br>Viele andere Routen finden Sie auf unserem Prospekt.<br>Sie geniessen bei uns vor der Abfahrt einen Ap&eacute;ro, w&auml;hrend wir unser Schimmel einspannen. Wir fahren mit reinrassigen Kladruber Pferde, sch&ouml;nen Geschirren aus echtem Leder und original getreu nachgebauten Kuschen mit Scheibenbremsen.</p><p>Der regionale Naturpark Schaffhausen umfasst den Klettgau mit seinen Weinbaugebieten, den Randen, sowie im s&uuml;dlichen Teil zwei deutsche Gemeinden.<br>Die Region Schaffhausen ist gepr&auml;gt von landschaftlicher Sch&ouml;nheit und kultureller Vielfalt. Da gibt es viele m&ouml;glichkeiten f&uuml;r beschauliche Kutschenfahrten, gerne machen wir ihnen Vorschl&auml;ge!</p>;8.50072503089905;47.703256731459625;Chilchgasse 3;8214;Gächlingen;+41 52 681 19 14;info@kutschenfahrten-blauburgunderland.ch;http://www.kutschenfahrten-blauburgunderland.ch;[{'@type': 'ImageObject', 'contentUrl': 'https://shltpimtsoch.sos-ch-dk-2.exoscale-cdn.com/catalog/c/e/b/0/ceb08a67c0b8086eeb76d9de8539c4ca28a9d2a5_Vogelsanger_kutschenfahrten_blauburgunderland.jpg'}];2026-08-23T20:53:04+02:00
c8255124-6c7b-45e1-a1a7-c331786b1722;Schifffahrtsgesellschaft Züri-Rhy;Events auf dem Rhein – Dein besonderes Erlebnis auf dem Züri-Rhy.
Nicht im Festsaal, sondern mittendrin in der Natur: Feiere deine Hochzeit, dein Firmenjubiläum oder deinen Geburtstag auf dem Rhein.
Die idyllische Flusslandschaft zwischen dem Zürcher Unterland und Schaffhausen bietet einen Rahmen, den kein Saal der Welt ersetzen kann.;<p class="x_MsoNormal"><strong>Gross feiern auf der MS Rhystern, MS Rhenus oder MS Hecht</strong></p><p class="x_MsoNormal">Unsere drei Restaurationsschiffe sind die Stars f&uuml;r anspruchsvolle Events: grossz&uuml;gig, komfortabel ausgestattet und bereit f&uuml;r Gesellschaften jeder Gr&ouml;sse.<br>Genug Platz zum Feiern, Tafeln und Tanzen &ndash; mit dem Rhein direkt vor den Fenstern.<br>Ob stilvolles Dinner, lebhafte Firmenfeier oder emotionale Hochzeit: Rhystern, Rhenus und Hecht setzen deinen Anlass gekonnt in Szene.</p><p class="x_MsoNormal">&nbsp;</p><p class="x_MsoNormal"><strong>F&uuml;r kleinere Feiern: Flipper und Neptun</strong></p><p class="x_MsoNormal">Wer es pers&ouml;nlicher mag, ist auf unseren Partybooten genau richtig &ndash; ideal f&uuml;r kleinere Gruppen, die trotzdem gross feiern wollen.</p><p class="x_MsoNormal">&nbsp;</p><p class="x_MsoNormal"><strong>Wir planen mit dir</strong></p><p class="x_MsoNormal">Unser Team ber&auml;t dich pers&ouml;nlich und k&uuml;mmert sich darum, dass dein Event reibungslos &uuml;ber das Wasser geht.</p><p class="x_MsoNormal">Mit uns kommst Du in Fahrt. Wir freuen uns auf deinen Anlass.</p>;8.5554292;47.5517691;Rheinstrasse 10;8428;Teufen;+41 44 865 62 62;info@szr.ch;https://www.szr.ch/;[{'@type': 'ImageObject', 'contentUrl': 'https://shltpimtsoch.sos-ch-dk-2.exoscale-cdn.com/catalog/1/f/6/7/1f67aad57b43c1d9a3bff0ca53f4f886f7dd24ce_Rhystern_beim_Hirschen.JPG'}];2026-08-23T20:54:22+02:00
da2b428b-2578-4680-a59e-d27fca283aec;Daniele Gaumenschmaus;Hausgemachter regionaler Aceto Balsamico aus Blauburgundertrauben und frische Pasta.;Bei Daniele am Fronwagplatz 7 in Schaffhausen läuft einem das Wasser im Munde zusammen: Hier gibt es Italienische Spezialitäten, so weit das Auge reicht! Das Sortiment setzt sich aus Aceto, Pasta und vielen Leckereien zusammen. Alles mit viel Liebe hausgemacht, versteht sich! Eine freundliche Bedienung ist für uns selbstverständlich. Schön, dass wir Sie hier haben dürfen.;8.6332981;47.6967698;Fronwagplatz 7;8200;Schaffhausen;+41 52 625 82 70;mail@daniele.shop;https://daniele.shop/;[{'@type': 'ImageObject', 'contentUrl': 'https://shltpimtsoch.sos-ch-dk-2.exoscale-cdn.com/catalog/2/e/b/9/2eb958e98fb4a0fdd2f34a2510c1258342755d51_DSC01986_2.jpg'}];2026-08-02T04:13:32+02:00
e53d0c4c-6cc1-4a1d-8b55-a4c916c738c8;Rother Ochsen;Der Rother Ochsen ist die älteste Taverne der Stadt Stein am Rhein. Diese wurde 1446 gegründet. ;<p>Das Geb&auml;ude wurde 1615 innen und aussen neu gestaltet: Steinerker, sp&auml;tgotische Staffelfenster, Fassadenmalerei mit humanistischer Thematik und Bemalung der Stube im 2. Obergeschoss durch den Steiner Meister A. Schmucker. Heutzutage gilt die Taverne als eine der sch&ouml;nsten Weinkeller der Schweiz.</p>;8.8592705;47.6592985;Rathausplatz 9;8260;Stein am Rhein;[{'@type': 'ImageObject', 'contentUrl': 'https://shltpimtsoch.sos-ch-dk-2.exoscale-cdn.com/catalog/3/f/6/f/3f6f73015c24b814c189e592ff1a0c74cda44dc9_steinamrhein_altstadt_rathausplatz_fassasenmalereien_haeuser__1_.jpeg'}];2026-05-15T08:56:09+02:00
e6301bdb-98b5-4f36-abd9-e061b3e264b5;Chäs-Marili;Emmentaler, DIE Schweizer Spezialität mit den grossen Löchern und viele weitere seiner Verwandten aus aller Welt erhalten Sie im Chäs Marili. ;<p>Selbstverst&auml;ndlich alles im optimalen Reifestadium: ob w&uuml;rziger Gruy&egrave;re, mildes Mutschli oder kr&auml;ftiger Bergk&auml;se - hier werden Sie immer f&uuml;ndig. Italienische Spezialit&auml;ten wie Gorgonzola, franz&ouml;sische Weichk&auml;se und andere Spezialit&auml;ten runden das Angebot ab. Das Fachgesch&auml;ft bereitet auch gerne Mischungen f&uuml;r Fondues zu und stellt K&auml;seplatten f&uuml;r jede Gelegenheit zusammen, sch&ouml;n garniert mit saisonalen Fr&uuml;chten/Gem&uuml;sen - das Auge isst ja bekanntlich mit! Im Sommer ist f&uuml;r Erfrischung all'italiana gesorgt mit den Glaces der Gelateria Antico del Corso.</p>;8.6333104;47.6968336;Fronwagplatz 9;8200;Schaffhausen;+41 52 625 16 37;info@chaes-marili.ch;http://www.chaes-marili.ch/;[{'@type': 'ImageObject', 'contentUrl': 'https://shltpimtsoch.sos-ch-dk-2.exoscale-cdn.com/catalog/f/4/b/2/f4b235db75a8184046a94e7f54064664bed083e8_sh_chaes_marili_laden_oktober_herbst__2_.jpg'}];2026-06-15T08:54:34+02:00
f3be7511-605d-47a8-af1b-d0552b550917;Haus zum Goldenen Ochsen;Das Haus zum Goldenen Ochsen ist ein markantes historisches Gebäude in der Schaffhauser Altstadt und erinnert an den früheren Rindermarkt.;17. Jahrhundert. Eines der grossartigsten Häuser des alten Schaffhausen, am ehemaligen Rindermarkt gelegen. Es diente u.a. bis 1608 auch als Gastherberge. Beim Umbau 1608 in ein vornehmes Bürgerhaus bekam die spätgotische Fassade den Prunk deutscher Renaissance in Form von Erker und Portal. Die Fresken an der Fassade zeigen einen goldenen Ochsen als Haus zeichen und Personen aus der babylonischen Geschichte und der griechischen Antike. So vor allem die Helden aus dem Trojanischen Krieg.;8.6339364;47.6980186;Vorstadt 17;8200;Schaffhausen;[{'@type': 'ImageObject', 'contentUrl': 'https://shltpimtsoch.sos-ch-dk-2.exoscale-cdn.com/catalog/0/9/d/0/09d0193648809ffa9f4660600fa874c861627b8e_sh_zumgoldenenochsen_erker_fassade_2.jpg'}];2026-05-15T05:14:50+02:00
