id;name;disambiguatingDescription;description;longitude;latitude;streetAddress;postalCode;addressLocality;telephone;email;url;image;dateModified026fa574-c2ce-4fe2-978b-070640b4fe99;Pferdewagenfahrt Wilchingen, Osterfingen & Trasadingen;Geniesse eine Pferdewagenfahrt durch die schönen Rebbergen im Schaffhauser Blauburgunderland.;<p>Erlebe eine entspannte Fahrt mit dem Pferdewagen durch die sanften H&uuml;gel und Weinberge. Die Tour f&uuml;hrt dich abseits von Hektik durch die malerische Landschaft &ndash; perfekt f&uuml;r gem&uuml;tliche Stunden.</p>;8.4282698;47.6812009;Bruderhof 1;8217;Wilchingen;079 783 31 04;bruderhof@bluewin.ch;https://bruderhof.ch/kutschenfahrten/;[{'@type': 'ImageObject', 'contentUrl': 'https://shltpimtsoch.sos-ch-dk-2.exoscale-cdn.com/catalog/a/c/4/2/ac42d84213eef9d2314bd206d7b6425aa6139729_pferdewagenfahrt_kutsche_september_spaetsommer_herbst_065.jpg'}];2026-01-08T16:28:23+01:00
9139acaa-0f15-4482-b6ce-a30c96766ad4;Velosafari;Kurzferien mit dem Velocamper.;<div>Starten Sie Ihre nächste Veloreise und haben Sie Ihr Bett stets dabei. Mit dem Velocamper ist genau das der Fall. Denn im eigens dafür konstruierten Cargo E-Bike mit integriertem Zeltaufbau sind Sie bestens ausgerüstet für eine abenteuerliche Reise durch die Ostschweiz. Erleben Sie eine unvergessliche Velotour, vorbei an schier endlosen Rebhängen, malerischen Landschaften und schmucken Dörfern.</div><div><br></div><div>Dabei kann gewählt werden zwischen einer Tour im Schaffhauserland oder dem Thurgau.</div>

Die Velosafari ist zwischen Mai und September buchbar.;8.502173423760137;47.702187968441685;[{'@type': 'ImageObject', 'contentUrl': 'https://shltpimtsoch.sos-ch-dk-2.exoscale-cdn.com/catalog/1/0/5/e/105e5413fcebc43ee639fcf493b78146f07fc463_osterfingen_velosafari_fahrrad_september_herbst_spaetsommer__3_.jpg'}];2026-08-24T02:35:47+02:00
b70f824c-9c8d-430a-a836-cb508e5a7d22;Kutschenfahrten Vogelsanger;Mit unseren Kutschen und dem noblen Landauer fahren wir für Jubilare, Geburtstage, Hochzeiten und für alle die eine schöne Auszeit suchen. Für Familienausflüge oder Ausfahrten mit Freunden etc. sind die Kutschen mit einem Tisch ausgestattet.;<p>Fahrten durch den Naturpark Klettgaue sind immer ein sch&ouml;nes Erlebnis.&nbsp;<br>Eine kleine Reise durch die Reben zum Fasshotel in Trasadingen?<br>Immer sehr beliebt ist die Hallauer Weinstrasse, mit herrlicher Sicht auf den Klettgau.<br>Viele andere Routen finden Sie auf unserem Prospekt.<br>Sie geniessen bei uns vor der Abfahrt einen Ap&eacute;ro, w&auml;hrend wir unser Schimmel einspannen. Wir fahren mit reinrassigen Kladruber Pferde, sch&ouml;nen Geschirren aus echtem Leder und original getreu nachgebauten Kuschen mit Scheibenbremsen.</p><p>Der regionale Naturpark Schaffhausen umfasst den Klettgau mit seinen Weinbaugebieten, den Randen, sowie im s&uuml;dlichen Teil zwei deutsche Gemeinden.<br>Die Region Schaffhausen ist gepr&auml;gt von landschaftlicher Sch&ouml;nheit und kultureller Vielfalt. Da gibt es viele m&ouml;glichkeiten f&uuml;r beschauliche Kutschenfahrten, gerne machen wir ihnen Vorschl&auml;ge!</p>;8.50072503089905;47.703256731459625;Chilchgasse 3;8214;Gächlingen;+41 52 681 19 14;info@kutschenfahrten-blauburgunderland.ch;http://www.kutschenfahrten-blauburgunderland.ch;[{'@type': 'ImageObject', 'contentUrl': 'https://shltpimtsoch.sos-ch-dk-2.exoscale-cdn.com/catalog/c/e/b/0/ceb08a67c0b8086eeb76d9de8539c4ca28a9d2a5_Vogelsanger_kutschenfahrten_blauburgunderland.jpg'}];2026-08-23T20:53:04+02:00
c19ec0b5-1a92-4659-9e66-2db806703630;Weinwanderung Stein am Rhein;Entdecken Sie die wunderschöne Reblandschaft von Stein am Rhein auf unserer Weinwanderung. ;Ob Geniesser oder Abenteurer, unsere Weinwanderung findet für jeden eine Route. Der Weinrucksack enthält alles, was Sie für eine genussvolle Wanderung brauchen: eine Flasche lokalen Weisswein in einem praktischen Weinkühler, zwei Gläser und regionale Buchweizen-Tortillas als Snack. Wählen Sie zwischen zwei wunderschönen Wanderrouten durch die idyllischen Rebberge, die Ihnen atemberaubende Ausblicke auf den Rhein bieten. Entlang der Wege finden Sie zahlreiche Bänkli, die zum Verweilen, Entspannen und Geniessen des Weins einladen. Gönnen Sie sich dieses besondere Erlebnis und entdecken Sie die Schönheit von Stein am Rhein auf eine genussvolle Weise!;8.8599704;47.6593612;Oberstadt 3;8260;Stein am Rhein;+41 52 632 40 20;info@schaffhauserland.ch;https://schaffhauserland.ch/de/index/shop/weinwanderung-stein-am-rhein.html#/experience/TDS00020015191022223;[{'@type': 'ImageObject', 'contentUrl': 'https://shltpimtsoch.sos-ch-dk-2.exoscale-cdn.com/catalog/6/4/4/e/644ee101988b7d5f654657b1c88a4399f4522f63_hallau_weinwanderung_wein_september_herbst_spaetsommer__3_.jpg'}];2026-08-23T20:53:58+02:00
c8255124-6c7b-45e1-a1a7-c331786b1722;Schifffahrtsgesellschaft Züri-Rhy;Events auf dem Rhein – Dein besonderes Erlebnis auf dem Züri-Rhy.
Nicht im Festsaal, sondern mittendrin in der Natur: Feiere deine Hochzeit, dein Firmenjubiläum oder deinen Geburtstag auf dem Rhein.
Die idyllische Flusslandschaft zwischen dem Zürcher Unterland und Schaffhausen bietet einen Rahmen, den kein Saal der Welt ersetzen kann.;<p class="x_MsoNormal"><strong>Gross feiern auf der MS Rhystern, MS Rhenus oder MS Hecht</strong></p><p class="x_MsoNormal">Unsere drei Restaurationsschiffe sind die Stars f&uuml;r anspruchsvolle Events: grossz&uuml;gig, komfortabel ausgestattet und bereit f&uuml;r Gesellschaften jeder Gr&ouml;sse.<br>Genug Platz zum Feiern, Tafeln und Tanzen &ndash; mit dem Rhein direkt vor den Fenstern.<br>Ob stilvolles Dinner, lebhafte Firmenfeier oder emotionale Hochzeit: Rhystern, Rhenus und Hecht setzen deinen Anlass gekonnt in Szene.</p><p class="x_MsoNormal">&nbsp;</p><p class="x_MsoNormal"><strong>F&uuml;r kleinere Feiern: Flipper und Neptun</strong></p><p class="x_MsoNormal">Wer es pers&ouml;nlicher mag, ist auf unseren Partybooten genau richtig &ndash; ideal f&uuml;r kleinere Gruppen, die trotzdem gross feiern wollen.</p><p class="x_MsoNormal">&nbsp;</p><p class="x_MsoNormal"><strong>Wir planen mit dir</strong></p><p class="x_MsoNormal">Unser Team ber&auml;t dich pers&ouml;nlich und k&uuml;mmert sich darum, dass dein Event reibungslos &uuml;ber das Wasser geht.</p><p class="x_MsoNormal">Mit uns kommst Du in Fahrt. Wir freuen uns auf deinen Anlass.</p>;8.5554292;47.5517691;Rheinstrasse 10;8428;Teufen;+41 44 865 62 62;info@szr.ch;https://www.szr.ch/;[{'@type': 'ImageObject', 'contentUrl': 'https://shltpimtsoch.sos-ch-dk-2.exoscale-cdn.com/catalog/1/f/6/7/1f67aad57b43c1d9a3bff0ca53f4f886f7dd24ce_Rhystern_beim_Hirschen.JPG'}];2026-08-23T20:54:22+02:00
c9773a5a-5be9-4a54-acfc-303eaf84a68c;Schatzsuche Neunkirch;Löst ihr gerne Rätsel? Liebt ihr Bewegung und seid ihr offen für Historisches?;<p>Möchtet ihr Spass und ein tolles Gruppenerlebnis haben?
Dann seid ihr bei uns genau richtig! Wir haben eine spannende «Schatzsuche» zusammengestellt. Die ausgeklügelte Route führt euch durch und um unser mittelalterliches Städtchen zu den historischen Sehenswürdigkeiten. Anhand der schriftlichen Unterlagen und speziellen Hinweisen gilt es Stationen zu finden. Ganz am Schluss liegt dann der Schatz gut versteckt für euch bereit. Also Augen auf und los geht’s. Viel Vergnügen.</p><p>Wir empfehlen die Schatzsuche Neunkirch ab einem Alter von <b>mindestens 16 Jahren</b>. Darunter ist die Schatzsuche nur in Begleitung einer erwachsenen Person möglich. Es gibt einige knifflige Rätsel, jedoch auch Rätsel und Stationen für Kinder.</p><p>Die Schatzsuche ist von März bis Oktober buchbar.</p>;8.4987558;47.6902925;Vordergasse 32;8213;Neunkirch;+41 52 681 32 47;info@tourismus-neunkirch.ch;[{'@type': 'ImageObject', 'contentUrl': 'https://shltpimtsoch.sos-ch-dk-2.exoscale-cdn.com/catalog/3/3/9/1/3391c8c0f66151c23a4393b85f702829f3d1946c_neunkirch_schatzsuche_familie_kinder_spaetsommer_september__48_.jpg'}];2026-08-23T20:54:26+02:00
ea670dde-c959-4b06-8651-f98fcd62adf2;Mofun - min Töffli Tag;Mofun bietet einzigartige und unvergessliche Töffli Erlebnisse. Miete unsere 30 gelben Mofas und organisiere deinen Teamevent, Firmenausflug, Vereinsreise, Poltertag oder eine Ausfahrt mit der Familie und Freunden.;Hast auch du eine Töffli Geschichte aus der Jugend zu erzählen? Vielleicht eine Tour über den Gotthard ins Tessin oder sogar nach Italien? Wie wäre es, diese Erinnerung noch einmal aufleben zu lassen? Wir von Mofun helfen dir dabei und machen es möglich.
Starte zum Beispiel bei uns in Gächlingen im Kanton Schaffhausen und entdecke die wunderschönen Radwege durch die Reben des Blauburgunderlands oder die bekannte Bergrennstrecke auf den Oberhallauerberg. Ein Abstecher zum Rheinfall oder zu anderen Sehenswürdigkeiten runden die Töffli Tour ab. Auf Wunsch begleiten dich unsere Tour-Guides an die schönsten Orte der Region. 
Du möchtest lieber an einem anderen Ort starten oder die Tour beenden? Auch das ist kein Problem! Gerne transportieren wir die Mofas an den Start- und/oder Zielort deiner Wahl.;8.502312898624275;47.702220456351085;Am Ströössli;8214;Gächlingen;+41 79 930 28 21;info@mofun.ch;https://www.mofun.ch;[{'@type': 'ImageObject', 'contentUrl': 'https://shltpimtsoch.sos-ch-dk-2.exoscale-cdn.com/catalog/0/b/4/c/0b4c4f22bec7ace7eb4acd944fb00ec991162101_Mofun_Hauptbild.jpg'}];2026-08-24T02:34:23+02:00
ed4e714a-4fdc-41d5-b81b-15c0b5eef609;FoodTrail Schaffhausen;Erleben Sie die genussvolle Schnitzeljagd durch die Altstadt von Schaffhausen. ;Ein Rätsel führt Sie an verschiedene Genuss-Stationen in der Stadt. Sie werden mit einer regionalen Köstlichkeit belohnt und erhalten die nächste Aufgabe.;8.6342689;47.6963232;Vordergasse 73;8200;Schaffhausen;+41 52 632 40 20;info@schaffhauserland.ch;https://www.foodtrail.ch/trails/schaffhausen/;[{'@type': 'ImageObject', 'contentUrl': 'https://shltpimtsoch.sos-ch-dk-2.exoscale-cdn.com/catalog/8/8/4/a/884ae6a8307c64d6412c84f29576c37ee227c0d5_Foodtrail_SHLTa_2.jpg'}];2026-08-24T02:34:45+02:00
